taxon,country
hCoV-19/Jingzhou/HBCDC-HB-01/2020|EPI ISL 412459|Asia|China|2020-01-08,China
hCoV-19/Wuhan/WIV07/2019|EPI ISL 402130|Asia|China|2019-12-30,China
hCoV-19/Shanghai/SH0098/2020|EPI ISL 416391|Asia|China|2020-02-02,China
hCoV-19/Shanghai/SH0012/2020|EPI ISL 416325|Asia|China|2020-02-02,China
hCoV-19/Singapore/7/2020|EPI ISL 410713|Asia|Singapore|2020-01-27,Singapore
hCoV-19/Sweden/01/2020|EPI ISL 411951|Europe|Sweden|2020-02-07,Sweden
hCoV-19/Australia/VIC02/2020|EPI ISL 416410|Oceania|Australia|2020-01-24,Australia
hCoV-19/SouthKorea/KUMC02/2020|EPI ISL 413018|Asia|SouthKorea|2020-02-06,South Korea
hCoV-19/SouthKorea/KUMC01/2020|EPI ISL 413017|Asia|SouthKorea|2020-02-06,South Korea
hCoV-19/USA/CA2/2020|EPI ISL 406036|NorthAmerica|USA|2020-01-22,United States of America
hCoV-19/Australia/VIC01/2020|EPI ISL 406844|Oceania|Australia|2020-01-25,Australia
hCoV-19/HongKong/Case17 22012020/2020|EPI ISL 417180|Asia|HongKong|2020-02-03,Hong Kong
hCoV-19/HongKong/Case20 30012020/2020|EPI ISL 417182|Asia|HongKong|2020-02-05,Hong Kong
hCoV-19/Wuhan/WH05/2020|EPI ISL 408978|Asia|China|2020-02-07,China
hCoV-19/HongKong/VB20024950/2020|EPI ISL 412029|Asia|HongKong|2020-01-30,Hong Kong
hCoV-19/HongKong/case52 VM20002582/2020|EPI ISL 414569|Asia|HongKong|2020-02-12,Hong Kong
hCoV-19/HongKong/CUHK1/2020|EPI ISL 416314|Asia|HongKong|2020-02-07,Hong Kong
hCoV-19/HongKong/case42 VM20002493/2020|EPI ISL 414527|Asia|HongKong|2020-02-09,Hong Kong
hCoV-19/Canada/BC 35720/2020|EPI ISL 415582|NorthAmerica|Canada|2020-03-04,Canada
hCoV-19/HongKong/case85 VM20002868/2020|EPI ISL 414519|Asia|HongKong|2020-02-24,Hong Kong
hCoV-19/canine/HongKong/20-02756/2020|EPI ISL 414518|Asia|HongKong|2020-02-26,Hong Kong
hCoV-19/HongKong/Case23 26012020/2020|EPI ISL 417183|Asia|HongKong|2020-01-30,Hong Kong
hCoV-19/HongKong/Case34 30012020/2020|EPI ISL 417197|Asia|HongKong|2020-02-09,Hong Kong
hCoV-19/HongKong/Case32 04022020/2020|EPI ISL 417193|Asia|HongKong|2020-02-09,Hong Kong
hCoV-19/Shanghai/SH0112/2020|EPI ISL 416400|Asia|China|2020-02-02,China
hCoV-19/Shanghai/SH0037/2020|EPI ISL 416346|Asia|China|2020-01-30,China
hCoV-19/Singapore/9/2020|EPI ISL 410715|Asia|Singapore|2020-02-04,Singapore
hCoV-19/Shanghai/SH0127/2020|EPI ISL 416408|Asia|China|2020-02-12,China
hCoV-19/HongKong/CUHK2/2020|EPI ISL 416315|Asia|HongKong|2020-02-19,Hong Kong
hCoV-19/Guangdong/GD2020241-P0013/2020|EPI ISL 413877|Asia|China|2020-02-09,China
hCoV-19/Shanghai/SH0056/2020|EPI ISL 416364|Asia|China|2020-02-08,China
hCoV-19/Shanghai/SH0040/2020|EPI ISL 416349|Asia|China|2020-01-30,China
hCoV-19/Singapore/8/2020|EPI ISL 410714|Asia|Singapore|2020-02-03,Singapore
hCoV-19/Guangdong/GD2020087-P0008/2020|EPI ISL 413863|Asia|China|2020-02-01,China
hCoV-19/HongKong/Case12 22012020/2020|EPI ISL 417179|Asia|HongKong|2020-01-30,Hong Kong
hCoV-19/SouthKorea/SNU01/2020|EPI ISL 411929|Asia|SouthKorea|2020-01,South Korea
hCoV-19/HongKong/Case2 18012020/2020|EPI ISL 417177|Asia|HongKong|2020-01-23,Hong Kong
hCoV-19/Taiwan/2/2020|EPI ISL 406031|Asia|Taiwan|2020-01-23,Taiwan
hCoV-19/France/IDF0373/2020|EPI ISL 406597|Europe|France|2020-01-23,France
hCoV-19/Hangzhou/ZJU-01/2020|EPI ISL 415709|Asia|China|2020-01-25,China
hCoV-19/Italy/INMI1-isl/2020|EPI ISL 410545|Europe|Italy|2020-01-29,Italy
hCoV-19/Georgia/Tb-537/2020|EPI ISL 416480|Asia|Georgia|2020-03-11,Georgia
hCoV-19/Georgia/Tb-468/2020|EPI ISL 415643|Asia|Georgia|2020-03-10,Georgia
hCoV-19/Georgia/Tb-54/2020|EPI ISL 415641|Asia|Georgia|2020-02-27,Georgia
hCoV-19/Spain/Madrid H2 16/2020|EPI ISL 417952|Europe|Spain|2020-03-09,Spain
hCoV-19/Portugal/PT0040/2020|EPI ISL 418025|Europe|Portugal|2020-03-17,Portugal
hCoV-19/Norway/1538/2020|EPI ISL 417486|Europe|Norway|2020-03-01,Norway
hCoV-19/England/200940527/2020|EPI ISL 414005|Europe|UnitedKingdom|2020-02-25,United Kingdom
hCoV-19/Brazil/ES-225/2020|EPI ISL 415128|SouthAmerica|Brazil|2020-02-29,Brazil
hCoV-19/Congo/158/2020|EPI ISL 417950|Africa|Congo|2020-03-20,Dem. Rep. Congo
hCoV-19/Australia/NSW57/2020|EPI ISL 417409|Oceania|Australia|2020-03-16,Australia
hCoV-19/Iceland/256/2020|EPI ISL 417584|Europe|Iceland|2020-03-17,Iceland
hCoV-19/Australia/NSW58/2020|EPI ISL 417410|Oceania|Australia|2020-03-16,Australia
hCoV-19/Iceland/330/2020|EPI ISL 417659|Europe|Iceland|2020-03-14,Iceland
hCoV-19/Australia/NSW36/2020|EPI ISL 417394|Oceania|Australia|2020-03-10,Australia
hCoV-19/Portugal/PT0035/2020|EPI ISL 418020|Europe|Portugal|2020-03-16,Portugal
hCoV-19/Portugal/PT0036/2020|EPI ISL 418021|Europe|Portugal|2020-03-16,Portugal
hCoV-19/Wales/PHWC-23E94/2020|EPI ISL 418123|Europe|UnitedKingdom|2020-03-14,United Kingdom
hCoV-19/Canada/BC 78548/2020|EPI ISL 415590|NorthAmerica|Canada|2020-03-05,Canada
hCoV-19/Scotland/CVR07/2020|EPI ISL 415630|Europe|UnitedKingdom|2020-03-09,United Kingdom
hCoV-19/England/20100001406/2020|EPI ISL 415132|Europe|UnitedKingdom|2020-02-28,United Kingdom
hCoV-19/England/20112112106/2020|EPI ISL 417314|Europe|UnitedKingdom|2020-03-10,United Kingdom
hCoV-19/England/20109051806/2020|EPI ISL 417270|Europe|UnitedKingdom|2020-03-06,United Kingdom
hCoV-19/Congo/KN-0059/2020|EPI ISL 417439|Africa|Congo|2020-03-17,Dem. Rep. Congo
hCoV-19/USA/MN39-MDH39/2020|EPI ISL 417475|NorthAmerica|USA|2020-03-12,United States of America
hCoV-19/USA/NY-NYUMC1/2020|EPI ISL 414639|NorthAmerica|USA|2020-03-04,United States of America
hCoV-19/Netherlands/NA 21/2020|EPI ISL 415478|Europe|Netherlands|2020-03-08,Netherlands
hCoV-19/Australia/VIC12/2020|EPI ISL 416518|Oceania|Australia|2020-03-16,Australia
hCoV-19/England/09c/2020|EPI ISL 412116|Europe|UnitedKingdom|2020-02-09,United Kingdom
hCoV-19/Australia/NSW41/2020|EPI ISL 417399|Oceania|Australia|2020-03-10,Australia
hCoV-19/England/20109050806/2020|EPI ISL 417269|Europe|UnitedKingdom|2020-03-05,United Kingdom
hCoV-19/England/20109050706/2020|EPI ISL 417268|Europe|UnitedKingdom|2020-03-05,United Kingdom
hCoV-19/Norway/1379/2020|EPI ISL 417483|Europe|Norway|2020-02-27,Norway
hCoV-19/USA/WA-UW295/2020|EPI ISL 418080|NorthAmerica|USA|2020-03-15,United States of America
hCoV-19/Netherlands/NoordBrabant 5/2020|EPI ISL 414430|Europe|Netherlands|2020-03-05,Netherlands
hCoV-19/Finland/FIN01032020/2020|EPI ISL 413605|Europe|Finland|2020-03-01,Finland
hCoV-19/NewZealand/CoV002/2020|EPI ISL 417212|Oceania|NewZealand|2020-03-11,New Zealand
hCoV-19/Spain/Andalucia201272/2020|EPI ISL 418243|Europe|Spain|2020-02-28,Spain
hCoV-19/England/20102000106/2020|EPI ISL 415144|Europe|UnitedKingdom|2020-02-27,United Kingdom
hCoV-19/England/20109052306/2020|EPI ISL 417275|Europe|UnitedKingdom|2020-03-06,United Kingdom
hCoV-19/England/20108006802/2020|EPI ISL 417254|Europe|UnitedKingdom|2020-03-04,United Kingdom
hCoV-19/USA/WA3-UW1/2020|EPI ISL 413025|NorthAmerica|USA|2020-02-27,United States of America
hCoV-19/England/200960515/2020|EPI ISL 414009|Europe|UnitedKingdom|2020-02-25,United Kingdom
hCoV-19/Brazil/SPBR-02/2020|EPI ISL 413016|SouthAmerica|Brazil|2020-02-28,Brazil
hCoV-19/Netherlands/NA 29/2020|EPI ISL 415486|Europe|Netherlands|2020-03-13,Netherlands
hCoV-19/USA/CZB-RR057-005/2020|EPI ISL 417931|NorthAmerica|USA|2020-03-18,United States of America
hCoV-19/England/20109094106/2020|EPI ISL 417290|Europe|UnitedKingdom|2020-03-06,United Kingdom
hCoV-19/Taiwan/CGMH-CGU-09/2020|EPI ISL 417522|Asia|Taiwan|2020-03-13,Taiwan
hCoV-19/Luxembourg/LNS3694003/2020|EPI ISL 417528|Europe|Luxembourg|2020-03-18,Luxembourg
hCoV-19/Iceland/203/2020|EPI ISL 417825|Europe|Iceland|2020-03-16,Iceland
hCoV-19/Spain/Madrid LP14 3/2020|EPI ISL 417975|Europe|Spain|2020-03-09,Spain
hCoV-19/Wales/PHWC-2415E/2020|EPI ISL 418149|Europe|UnitedKingdom|2020-03-16,United Kingdom
hCoV-19/Portugal/PT0020/2020|EPI ISL 418005|Europe|Portugal|2020-03-12,Portugal
hCoV-19/Netherlands/NA 35/2020|EPI ISL 415492|Europe|Netherlands|2020-03-10,Netherlands
hCoV-19/Netherlands/NoordBrabant 56/2020|EPI ISL 415512|Europe|Netherlands|2020-03-09,Netherlands
hCoV-19/Netherlands/NoordBrabant 22/2020|EPI ISL 414531|Europe|Netherlands|2020-03-04,Netherlands
hCoV-19/Netherlands/NoordBrabant 23/2020|EPI ISL 414532|Europe|Netherlands|2020-03-05,Netherlands
hCoV-19/Brazil/SPBR-10/2020|EPI ISL 416032|SouthAmerica|Brazil|2020-03-04,Brazil
hCoV-19/Iceland/160/2020|EPI ISL 417689|Europe|Iceland|2020-03-13,Iceland
hCoV-19/Iceland/38/2020|EPI ISL 417672|Europe|Iceland|2020-03-16,Iceland
hCoV-19/USA/WA-UW197/2020|EPI ISL 417346|NorthAmerica|USA|2020-03-12,United States of America
hCoV-19/USA/WA-UW275/2020|EPI ISL 418060|NorthAmerica|USA|2020-03-14,United States of America
hCoV-19/England/20109056406/2020|EPI ISL 417281|Europe|UnitedKingdom|2020-03-06,United Kingdom
hCoV-19/Netherlands/Utrecht 18/2020|EPI ISL 415527|Europe|Netherlands|2020-03-12,Netherlands
hCoV-19/Switzerland/1000477102/2020|EPI ISL 413019|Europe|Switzerland|2020-02-26,Switzerland
hCoV-19/Iceland/324/2020|EPI ISL 417653|Europe|Iceland|2020-03-18,Iceland
hCoV-19/Iceland/202/2020|EPI ISL 417750|Europe|Iceland|2020-03-16,Iceland
hCoV-19/Iceland/135/2020|EPI ISL 417696|Europe|Iceland|2020-03-12,Iceland
hCoV-19/Iceland/279/2020|EPI ISL 417607|Europe|Iceland|2020-03-17,Iceland
hCoV-19/Iceland/131/2020|EPI ISL 417771|Europe|Iceland|2020-03-12,Iceland
hCoV-19/Iceland/119/2020|EPI ISL 417544|Europe|Iceland|2020-03-17,Iceland
hCoV-19/England/200990006/2020|EPI ISL 414011|Europe|UnitedKingdom|2020-02-26,United Kingdom
hCoV-19/England/20106145903/2020|EPI ISL 417246|Europe|UnitedKingdom|2020-03-03,United Kingdom
hCoV-19/USA/MN4-MDH4/2020|EPI ISL 417189|NorthAmerica|USA|2020-03-09,United States of America
hCoV-19/Belgium/ULG-3683/2020|EPI ISL 417011|Europe|Belgium|2020-03-07,Belgium
hCoV-19/Australia/VIC09/2020|EPI ISL 416515|Oceania|Australia|2020-03-15,Australia
hCoV-19/Iceland/328/2020|EPI ISL 417657|Europe|Iceland|2020-03-13,Iceland
hCoV-19/Australia/NSW52/2020|EPI ISL 417405|Oceania|Australia|2020-03-11,Australia
hCoV-19/Netherlands/ZuidHolland 8/2020|EPI ISL 414468|Europe|Netherlands|2020-03-06,Netherlands
hCoV-19/Netherlands/NoordBrabant 20/2020|EPI ISL 414529|Europe|Netherlands|2020-03-04,Netherlands
hCoV-19/Iceland/275/2020|EPI ISL 417603|Europe|Iceland|2020-03-17,Iceland
hCoV-19/Iceland/151/2020|EPI ISL 417801|Europe|Iceland|2020-03-13,Iceland
hCoV-19/Scotland/CVR10/2020|EPI ISL 415631|Europe|UnitedKingdom|2020-03-10,United Kingdom
hCoV-19/England/20102087902/2020|EPI ISL 417215|Europe|UnitedKingdom|2020-02-25,United Kingdom
hCoV-19/England/SHEF-BFCEE/2020|EPI ISL 416733|Europe|England|2020-03-07,England
hCoV-19/England/20110000806/2020|EPI ISL 417303|Europe|UnitedKingdom|2020-03-05,United Kingdom
hCoV-19/Belgium/ULG-7019/2020|EPI ISL 417025|Europe|Belgium|2020-03-15,Belgium
hCoV-19/Belgium/ULG-6638/2020|EPI ISL 417017|Europe|Belgium|2020-03-14,Belgium
hCoV-19/USA/WA-UW108/2020|EPI ISL 416646|NorthAmerica|USA|2020-03-11,United States of America
hCoV-19/Iceland/246/2020|EPI ISL 417574|Europe|Iceland|2020-03-17,Iceland
hCoV-19/Iceland/340/2020|EPI ISL 417669|Europe|Iceland|2020-03-15,Iceland
hCoV-19/Iceland/339/2020|EPI ISL 417668|Europe|Iceland|2020-03-15,Iceland
hCoV-19/Australia/NSW56/2020|EPI ISL 417408|Oceania|Australia|2020-03-17,Australia
hCoV-19/USA/WA-UW137/2020|EPI ISL 416675|NorthAmerica|USA|2020-03-11,United States of America
hCoV-19/Iceland/341/2020|EPI ISL 417670|Europe|Iceland|2020-03-15,Iceland
hCoV-19/Iceland/94/2020|EPI ISL 417732|Europe|Iceland|2020-03-10,Iceland
hCoV-19/England/20109094506/2020|EPI ISL 417292|Europe|UnitedKingdom|2020-03-08,United Kingdom
hCoV-19/France/B2334/2020|EPI ISL 416503|Europe|France|2020-03-01,France
hCoV-19/France/B2340/2020|EPI ISL 416507|Europe|France|2020-03-05,France
hCoV-19/Norway/1443/2020|EPI ISL 417490|Europe|Norway|2020-02-27,Norway
hCoV-19/Iceland/13/2020|EPI ISL 417765|Europe|Iceland|2020-02-27,Iceland
hCoV-19/Italy/SPL1/2020|EPI ISL 412974|Europe|Italy|2020-01-29,Italy
hCoV-19/USA/CA4/2020|EPI ISL 408009|NorthAmerica|USA|2020-01-29,United States of America
hCoV-19/Canada/ON-PHL2445/2020|EPI ISL 413014|NorthAmerica|Canada|2020-01-25,Canada
hCoV-19/Shanghai/SH0052/2020|EPI ISL 416360|Asia|China|2020-02-01,China
hCoV-19/Canada/ON-VIDO-01/2020|EPI ISL 413015|NorthAmerica|Canada|2020-01-23,Canada
hCoV-19/Shanghai/SH0058/2020|EPI ISL 416365|Asia|China|2020-01-30,China
hCoV-19/Shanghai/SH0050/2020|EPI ISL 416358|Asia|China|2020-02-05,China
hCoV-19/Foshan/20SF207/2020|EPI ISL 406534|Asia|China|2020-01-22,China
hCoV-19/Shenzhen/SZTH-003/2020|EPI ISL 406594|Asia|China|2020-01-16,China
hCoV-19/Guangdong/20SF014/2020|EPI ISL 403934|Asia|China|2020-01-15,China
hCoV-19/Hangzhou/ZJU-03/2020|EPI ISL 416044|Asia|China|2020-01-25,China
hCoV-19/Shanghai/SH0093/2020|EPI ISL 416389|Asia|China|2020-01-21,China
hCoV-19/Hangzhou/ZJU-07/2020|EPI ISL 416425|Asia|China|2020-02-03,China
hCoV-19/Nonthaburi/61/2020|EPI ISL 403962|Asia|Thailand|2020-01-08,Thailand
hCoV-19/USA/MA1/2020|EPI ISL 409067|NorthAmerica|USA|2020-01-29,United States of America
hCoV-19/Nepal/61/2020|EPI ISL 410301|Asia|Nepal|2020-01-13,Nepal
hCoV-19/Shanghai/SH0088/2020|EPI ISL 416387|Asia|China|2020-02-01,China
hCoV-19/Guangzhou/20SF206/2020|EPI ISL 406533|Asia|China|2020-01-22,China
hCoV-19/Japan/TKYE6182/2020|EPI ISL 414511|Asia|Japan|2020-01,Japan
hCoV-19/Japan/KY-V-029/2020|EPI ISL 408669|Asia|Japan|2020-01-29,Japan
hCoV-19/Shanghai/SH0072/2020|EPI ISL 416375|Asia|China|2020-02-01,China
hCoV-19/Shanghai/SH0011/2020|EPI ISL 416324|Asia|China|2020-01-29,China
hCoV-19/Shanghai/SH0091/2020|EPI ISL 416388|Asia|China|2020-02-05,China
hCoV-19/Shanghai/SH0109/2020|EPI ISL 416398|Asia|China|2020-02-02,China
hCoV-19/Shanghai/SH0066/2020|EPI ISL 416369|Asia|China|2020-02-05,China
hCoV-19/India/1-27/2020|EPI ISL 413522|Asia|India|2020-01-27,India
hCoV-19/Shanghai/SH0048/2020|EPI ISL 416356|Asia|China|2020-02-01,China
hCoV-19/China/IQTC02/2020|EPI ISL 412967|Asia|China|2020-01-29,China
hCoV-19/Guangdong/SZ-N59-P0049/2020|EPI ISL 413872|Asia|China|2020-02-28,China
hCoV-19/Singapore/11/2020|EPI ISL 410719|Asia|Singapore|2020-02-02,Singapore
hCoV-19/USA/WI1/2020|EPI ISL 408670|NorthAmerica|USA|2020-01-31,United States of America
hCoV-19/Foshan/20SF210/2020|EPI ISL 406535|Asia|China|2020-01-22,China
hCoV-19/Singapore/1/2020|EPI ISL 406973|Asia|Singapore|2020-01-23,Singapore
hCoV-19/Shanghai/SH0031/2020|EPI ISL 416340|Asia|China|2020-02-02,China
hCoV-19/Guangdong/2020XN4239-P0034/2020|EPI ISL 413888|Asia|China|2020-01-30,China
hCoV-19/Jiangsu/JS01/2020|EPI ISL 411950|Asia|China|2020-01-23,China
hCoV-19/Japan/OS-20-07-1/2020|EPI ISL 410532|Asia|Japan|2020-01-23,Japan
hCoV-19/Iceland/141/2020|EPI ISL 417792|Europe|Iceland|2020-03-13,Iceland
hCoV-19/Wales/PHWC-23CB8/2020|EPI ISL 418101|Europe|UnitedKingdom|2020-03-15,United Kingdom
hCoV-19/Ireland/COR-20134/2020|EPI ISL 414487|Europe|Ireland|2020-03-04,Ireland
hCoV-19/USA/CA-SCCPHD-UC16/2020|EPI ISL 417320|NorthAmerica|USA|2020-03-04,United States of America
hCoV-19/USA/CA-CDPH-UC18/2020|EPI ISL 417322|NorthAmerica|USA|2020-03-04,United States of America
hCoV-19/England/20109093606/2020|EPI ISL 417285|Europe|UnitedKingdom|2020-03-06,United Kingdom
hCoV-19/Netherlands/ZuidHolland 21/2020|EPI ISL 414563|Europe|Netherlands|2020-03-03,Netherlands
hCoV-19/Netherlands/Rotterdam 1363790/2020|EPI ISL 413582|Europe|Netherlands|2020-03-01,Netherlands
hCoV-19/France/Lyon 06573/2020|EPI ISL 417335|Europe|France|2020-03-06,France
hCoV-19/Netherlands/Utrecht 12/2020|EPI ISL 414462|Europe|Netherlands|2020-03-04,Netherlands
hCoV-19/Shanghai/SH0028/2020|EPI ISL 416337|Asia|China|2020-02-04,China
hCoV-19/Finland/1/2020|EPI ISL 407079|Europe|Finland|2020-01-29,Finland
hCoV-19/USA/CruiseA-6/2020|EPI ISL 413611|NorthAmerica|USA|2020-02-21,United States of America
hCoV-19/USA/CruiseA-7/2020|EPI ISL 413612|NorthAmerica|USA|2020-02-17,United States of America
hCoV-19/Japan/AI-I-004/2020|EPI ISL 407084|Asia|Japan|2020-01-25,Japan
hCoV-19/Shanghai/SH0036/2020|EPI ISL 416345|Asia|China|2020-02-04,China
hCoV-19/Guangdong/GDFS2020127-P0026/2020|EPI ISL 413874|Asia|China|2020-02-12,China
hCoV-19/Shanghai/SH0020/2020|EPI ISL 416329|Asia|China|2020-02-01,China
hCoV-19/China/WF0003/2020|EPI ISL 413693|Asia|China|2020-01,China
hCoV-19/HongKong/Case6 21012020/2020|EPI ISL 417178|Asia|HongKong|2020-01-25,Hong Kong
hCoV-19/Vietnam/19-01S/2020|EPI ISL 418269|Asia|Vietnam|2020-01-22,Vietnam
hCoV-19/Shanghai/SH0007/2020|EPI ISL 416320|Asia|China|2020-01-28,China
hCoV-19/HongKong/case2 VB20017970/2020|EPI ISL 417064|Asia|HongKong|2020-01-21,Hong Kong
hCoV-19/Shanghai/SH0086/2020|EPI ISL 416386|Asia|China|2020-01-31,China
hCoV-19/Germany/BavPat1/2020|EPI ISL 406862|Europe|Germany|2020-01-28,Germany
hCoV-19/Brazil/SPBR-01/2020|EPI ISL 412964|SouthAmerica|Brazil|2020-02-25,Brazil
hCoV-19/Netherlands/Utrecht 1363564/2020|EPI ISL 413588|Europe|Netherlands|2020-03-01,Netherlands
hCoV-19/Netherlands/Utrecht 1363628/2020|EPI ISL 413589|Europe|Netherlands|2020-03-01,Netherlands
hCoV-19/Senegal/139/2020|EPI ISL 418217|Africa|Senegal|2020-03-13,Senegal
hCoV-19/France/Bourg-en-Bresse 06678/2020|EPI ISL 416757|Europe|France|2020-03-07,France
hCoV-19/France/CVL2000/2020|EPI ISL 418222|Europe|France|2020-03-04,France
hCoV-19/France/Lyon 06531/2020|EPI ISL 416756|Europe|France|2020-03-06,France
hCoV-19/France/Pollionay 1733/2020|EPI ISL 416745|Europe|France|2020-03-10,France
hCoV-19/France/IDF2278/2020|EPI ISL 416499|Europe|France|2020-03-11,France
hCoV-19/France/Clermont-Ferrand 650/2020|EPI ISL 416752|Europe|France|2020-03-04,France
hCoV-19/Iceland/133/2020|EPI ISL 417788|Europe|Iceland|2020-03-12,Iceland
hCoV-19/Congo/82/2020|EPI ISL 417946|Africa|Congo|2020-03-18,Dem. Rep. Congo
hCoV-19/Congo/KN-0043/2020|EPI ISL 417435|Africa|Congo|2020-03-15,Dem. Rep. Congo
hCoV-19/Congo/KN-0054/2020|EPI ISL 417437|Africa|Congo|2020-03-17,Dem. Rep. Congo
hCoV-19/France/BFC2094/2020|EPI ISL 415651|Europe|France|2020-03-05,France
hCoV-19/Portugal/PT0039/2020|EPI ISL 418024|Europe|Portugal|2020-03-17,Portugal
hCoV-19/Congo/94/2020|EPI ISL 417947|Africa|Congo|2020-03-19,Dem. Rep. Congo
hCoV-19/Luxembourg/LNS2848109/2020|EPI ISL 417527|Europe|Luxembourg|2020-03-18,Luxembourg
hCoV-19/Congo/KN-0051/2020|EPI ISL 417436|Africa|Congo|2020-03-17,Dem. Rep. Congo
hCoV-19/Congo/KN-0058/2020|EPI ISL 417438|Africa|Congo|2020-03-17,Dem. Rep. Congo
hCoV-19/France/Clermont-Ferrand 651/2020|EPI ISL 416751|Europe|France|2020-03-05,France
hCoV-19/France/Lyon 487/2020|EPI ISL 416747|Europe|France|2020-03-04,France
hCoV-19/France/HF1870/2020|EPI ISL 414629|Europe|France|2020-03-03,France
hCoV-19/France/Lyon 06625/2020|EPI ISL 417337|Europe|France|2020-03-07,France
hCoV-19/Switzerland/BE2536/2020|EPI ISL 415704|Europe|Switzerland|2020-03-04,Switzerland
hCoV-19/France/BFC2147/2020|EPI ISL 415652|Europe|France|2020-03-05,France
hCoV-19/France/Lyon 06042/2020|EPI ISL 417333|Europe|France|2020-03-04,France
hCoV-19/Luxembourg/LNS9371718/2020|EPI ISL 417526|Europe|Luxembourg|2020-03-18,Luxembourg
hCoV-19/France/Valence 532/2020|EPI ISL 416749|Europe|France|2020-03-04,France
hCoV-19/France/IDF2534/2020|EPI ISL 418234|Europe|France|2020-03-14,France
hCoV-19/France/HF2496/2020|EPI ISL 418231|Europe|France|2020-03-15,France
hCoV-19/Luxembourg/LNS0158952/2020|EPI ISL 417534|Europe|Luxembourg|2020-03-18,Luxembourg
hCoV-19/Iceland/156/2020|EPI ISL 417803|Europe|Iceland|2020-03-13,Iceland
hCoV-19/USA/MN32-MDH32/2020|EPI ISL 417470|NorthAmerica|USA|2020-03-12,United States of America
hCoV-19/England/20100022706/2020|EPI ISL 415136|Europe|UnitedKingdom|2020-02-29,United Kingdom
hCoV-19/Portugal/CV63/2020|EPI ISL 413648|Europe|Portugal|2020-03-01,Portugal
hCoV-19/Portugal/PT0006b/2020|EPI ISL 417991|Europe|Portugal|2020-03-08,Portugal
hCoV-19/England/20102098802/2020|EPI ISL 417217|Europe|UnitedKingdom|2020-03-01,United Kingdom
hCoV-19/England/20104008802/2020|EPI ISL 417231|Europe|UnitedKingdom|2020-03-03,United Kingdom
hCoV-19/England/20108003202/2020|EPI ISL 417247|Europe|UnitedKingdom|2020-03-02,United Kingdom
hCoV-19/Iceland/261/2020|EPI ISL 417589|Europe|Iceland|2020-03-17,Iceland
hCoV-19/Iceland/226/2020|EPI ISL 417754|Europe|Iceland|2020-03-16,Iceland
hCoV-19/England/200990660/2020|EPI ISL 414523|Europe|UnitedKingdom|2020-02-27,United Kingdom
hCoV-19/England/SHEF-BFCC0/2020|EPI ISL 416731|Europe|England|2020-03-03,England
hCoV-19/England/20100121006/2020|EPI ISL 415140|Europe|UnitedKingdom|2020-02-29,United Kingdom
hCoV-19/France/N1620/2020|EPI ISL 414624|Europe|France|2020-02-26,France
hCoV-19/England/20110003506/2020|EPI ISL 415150|Europe|UnitedKingdom|2020-03-09,United Kingdom
hCoV-19/USA/UT-00008/2020|EPI ISL 417026|NorthAmerica|USA|2020-03-20,United States of America
hCoV-19/USA/WA-UW135/2020|EPI ISL 416673|NorthAmerica|USA|2020-03-11,United States of America
hCoV-19/USA/MN30-MDH30/2020|EPI ISL 417198|NorthAmerica|USA|2020-03-12,United States of America
hCoV-19/USA/WA-UW25/2020|EPI ISL 414594|NorthAmerica|USA|2020-03-05,United States of America
hCoV-19/Netherlands/NoordBrabant 1/2020|EPI ISL 414428|Europe|Netherlands|2020-03-02,Netherlands
hCoV-19/Iceland/244/2020|EPI ISL 417572|Europe|Iceland|2020-03-17,Iceland
hCoV-19/USA/WI-18/2020|EPI ISL 417515|NorthAmerica|USA|2020-03-26,United States of America
hCoV-19/USA/WI-08/2020|EPI ISL 417202|NorthAmerica|USA|2020-03-21,United States of America
hCoV-19/Switzerland/GR2988/2020|EPI ISL 415698|Europe|Switzerland|2020-02-27,Switzerland
hCoV-19/Switzerland/42169171/2020|EPI ISL 418271|Europe|Switzerland|2020-02-27,Switzerland
hCoV-19/Switzerland/1000477797/2020|EPI ISL 413023|Europe|Switzerland|2020-02-29,Switzerland
hCoV-19/Brazil/SPBR-08/2020|EPI ISL 416029|SouthAmerica|Brazil|2020-03-04,Brazil
hCoV-19/USA/WA-UW258/2020|EPI ISL 418043|NorthAmerica|USA|2020-03-14,United States of America
hCoV-19/Australia/NSW50/2020|EPI ISL 417404|Oceania|Australia|2020-03-12,Australia
hCoV-19/Iceland/233/2020|EPI ISL 417561|Europe|Iceland|2020-03-17,Iceland
hCoV-19/Belgium/ULG-6948/2020|EPI ISL 417022|Europe|Belgium|2020-03-15,Belgium
hCoV-19/Brazil/BA-312/2020|EPI ISL 415105|SouthAmerica|Brazil|2020-03-04,Brazil
hCoV-19/Brazil/SPBR-12/2020|EPI ISL 416034|SouthAmerica|Brazil|2020-03-04,Brazil
hCoV-19/Switzerland/1000477757/2020|EPI ISL 413021|Europe|Switzerland|2020-02-29,Switzerland
hCoV-19/Germany/Baden-Wuerttemberg-1/2020|EPI ISL 412912|Europe|Germany|2020-02-25,Germany
hCoV-19/Scotland/CVR01/2020|EPI ISL 413221|Europe|UnitedKingdom|2020-03-02,United Kingdom
HCoV-19/Italy/TE4959/2020|EPI ISL 418259|Europe|Italy|2020-03-14,Italy
hCoV-19/Netherlands/NA 2/2020|EPI ISL 415476|Europe|Netherlands|2020-03-10,Netherlands
hCoV-19/England/20110042106/2020|EPI ISL 417309|Europe|UnitedKingdom|2020-03-06,United Kingdom
hCoV-19/England/20108034006/2020|EPI ISL 417258|Europe|UnitedKingdom|2020-03-06,United Kingdom
hCoV-19/Iceland/335/2020|EPI ISL 417664|Europe|Iceland|2020-03-13,Iceland
hCoV-19/Vietnam/CM296/2020|EPI ISL 416431|Asia|Vietnam|2020-03-06,Vietnam
hCoV-19/England/20099038206/2020|EPI ISL 415129|Europe|UnitedKingdom|2020-02-29,United Kingdom
hCoV-19/USA/WI-16/2020|EPI ISL 417509|NorthAmerica|USA|2020-03-26,United States of America
hCoV-19/Greece/10/2020|EPI ISL 418263|Europe|Greece|2020-03-18,Greece
hCoV-19/Belgium/DHWM-03041/2020|EPI ISL 417422|Europe|Belgium|2020-03-04,Belgium
hCoV-19/Switzerland/TI2045/2020|EPI ISL 415703|Europe|Switzerland|2020-03-01,Switzerland
hCoV-19/Wales/PHW05/2020|EPI ISL 414488|Europe|UnitedKingdom|2020-03-08,United Kingdom
hCoV-19/Wales/PHWC-23E3A/2020|EPI ISL 418118|Europe|UnitedKingdom|2020-03-13,United Kingdom
hCoV-19/Belgium/QKJ-03015/2020|EPI ISL 415158|Europe|Belgium|2020-03-01,Belgium
hCoV-19/Belgium/UMF-03025/2020|EPI ISL 416472|Europe|Belgium|2020-03-02,Belgium
hCoV-19/Italy/INMI4/2020|EPI ISL 418167|Europe|Italy|2020-02-28,Italy
hCoV-19/Portugal/PT0019/2020|EPI ISL 418004|Europe|Portugal|2020-03-12,Portugal
hCoV-19/Iceland/236/2020|EPI ISL 417564|Europe|Iceland|2020-03-17,Iceland
hCoV-19/Greece/12/2020|EPI ISL 418264|Europe|Greece|2020-03-18,Greece
hCoV-19/Spain/Valencia7/2020|EPI ISL 416486|Europe|Spain|2020-03-02,Spain
hCoV-19/England/20109099206/2020|EPI ISL 417299|Europe|UnitedKingdom|2020-03-08,United Kingdom
hCoV-19/Switzerland/1000477377/2020|EPI ISL 413020|Europe|Switzerland|2020-02-27,Switzerland
hCoV-19/Portugal/PT0028/2020|EPI ISL 418013|Europe|Portugal|2020-03-07,Portugal
hCoV-19/England/20106004902/2020|EPI ISL 417241|Europe|UnitedKingdom|2020-03-05,United Kingdom
hCoV-19/Switzerland/GE3895/2020|EPI ISL 413997|Europe|Switzerland|2020-02-26,Switzerland
hCoV-19/Australia/NSW27/2020|EPI ISL 417390|Oceania|Australia|2020-03-08,Australia
hCoV-19/Colombia/Bogota78390/2020|EPI ISL 418262|SouthAmerica|Colombia|2020-03-06,Colombia
hCoV-19/Iceland/187/2020|EPI ISL 417551|Europe|Iceland|2020-03-16,Iceland
hCoV-19/Hungary/49/2020|EPI ISL 416744|Europe|Hungary|2020-03-20,Hungary
hCoV-19/Switzerland/BE6651/2020|EPI ISL 415456|Europe|Switzerland|2020-02-29,Switzerland
hCoV-19/Netherlands/NoordHolland 2/2020|EPI ISL 414549|Europe|Netherlands|2020-03-03,Netherlands
hCoV-19/Mexico/CDMX-InDRE 01/2020|EPI ISL 412972|NorthAmerica|Mexico|2020-02-27,Mexico
hCoV-19/Netherlands/Delft 1363424/2020|EPI ISL 413569|Europe|Netherlands|2020-02-28,Netherlands
hCoV-19/USA/MN5-MDH5/2020|EPI ISL 417191|NorthAmerica|USA|2020-03-10,United States of America
hCoV-19/Chile/Santiago-2/2020|EPI ISL 414580|SouthAmerica|Chile|2020-03-05,Chile
hCoV-19/Scotland/EDB007/2020|EPI ISL 415634|Europe|UnitedKingdom|2020-03-06,United Kingdom
hCoV-19/Germany/NRW-13/2020|EPI ISL 417458|Europe|Germany|2020-03-11,Germany
hCoV-19/Netherlands/ZuidHolland 28/2020|EPI ISL 415532|Europe|Netherlands|2020-03-09,Netherlands
hCoV-19/Belgium/ULG-3843/2020|EPI ISL 417012|Europe|Belgium|2020-03-08,Belgium
hCoV-19/Belgium/ULG-2971/2020|EPI ISL 416997|Europe|Belgium|2020-03-05,Belgium
hCoV-19/Brazil/SPBR-14/2020|EPI ISL 416036|SouthAmerica|Brazil|2020-03-05,Brazil
hCoV-19/England/200990723/2020|EPI ISL 414012|Europe|UnitedKingdom|2020-02-27,United Kingdom
hCoV-19/Iceland/280/2020|EPI ISL 417608|Europe|Iceland|2020-03-17,Iceland
hCoV-19/Belgium/FR-03029/2020|EPI ISL 417428|Europe|Belgium|2020-03-02,Belgium
hCoV-19/England/SHEF-BFCDF/2020|EPI ISL 416732|Europe|England|2020-03-03,England
hCoV-19/Iceland/267/2020|EPI ISL 417595|Europe|Iceland|2020-03-17,Iceland
hCoV-19/Iceland/290/2020|EPI ISL 417619|Europe|Iceland|2020-03-18,Iceland
hCoV-19/Iceland/146/2020|EPI ISL 417796|Europe|Iceland|2020-03-13,Iceland
hCoV-19/USA/MN29-MDH29/2020|EPI ISL 417196|NorthAmerica|USA|2020-03-11,United States of America
hCoV-19/NewZealand/20VR0189/2020|EPI ISL 416519|Oceania|NewZealand|2020-03-02,New Zealand
hCoV-19/Iceland/239/2020|EPI ISL 417567|Europe|Iceland|2020-03-17,Iceland
hCoV-19/Iceland/99/2020|EPI ISL 417768|Europe|Iceland|2020-03-10,Iceland
hCoV-19/Portugal/PT0026/2020|EPI ISL 418011|Europe|Portugal|2020-03-04,Portugal
hCoV-19/Wales/PHW2/2020|EPI ISL 413556|Europe|UnitedKingdom|2020-03-04,United Kingdom
hCoV-19/Denmark/SSI-05/2020|EPI ISL 416140|Europe|Denmark|2020-03-02,Denmark
hCoV-19/Iceland/313/2020|EPI ISL 417642|Europe|Iceland|2020-03-18,Iceland
hCoV-19/Iceland/253/2020|EPI ISL 417581|Europe|Iceland|2020-03-17,Iceland
hCoV-19/Wales/PHWC-23BAC/2020|EPI ISL 418096|Europe|UnitedKingdom|2020-03-12,United Kingdom
hCoV-19/Iceland/104/2020|EPI ISL 417538|Europe|Iceland|2020-03-17,Iceland
hCoV-19/Iceland/123/2020|EPI ISL 417783|Europe|Iceland|2020-03-11,Iceland
hCoV-19/Switzerland/GE1422/2020|EPI ISL 415454|Europe|Switzerland|2020-02-28,Switzerland
hCoV-19/Netherlands/Diemen 1363454/2020|EPI ISL 413570|Europe|Netherlands|2020-02-28,Netherlands
hCoV-19/Netherlands/Helmond 1363548/2020|EPI ISL 413574|Europe|Netherlands|2020-02-29,Netherlands
hCoV-19/England/20109053606/2020|EPI ISL 417279|Europe|UnitedKingdom|2020-03-07,United Kingdom
hCoV-19/USA/WA-UW194/2020|EPI ISL 417343|NorthAmerica|USA|2020-03-13,United States of America
hCoV-19/Belgium/GMH-03022/2020|EPI ISL 416468|Europe|Belgium|2020-03-02,Belgium
hCoV-19/Portugal/CV62/2020|EPI ISL 413647|Europe|Portugal|2020-03-01,Portugal
hCoV-19/Iceland/62/2020|EPI ISL 417757|Europe|Iceland|2020-03-06,Iceland
hCoV-19/Iceland/130/2020|EPI ISL 417713|Europe|Iceland|2020-03-12,Iceland
hCoV-19/Iceland/303/2020|EPI ISL 417632|Europe|Iceland|2020-03-18,Iceland
hCoV-19/Iceland/56/2020|EPI ISL 417852|Europe|Iceland|2020-03-06,Iceland
hCoV-19/England/20104008902/2020|EPI ISL 417232|Europe|UnitedKingdom|2020-03-04,United Kingdom
hCoV-19/Belgium/JL-03044/2020|EPI ISL 418270|Europe|Belgium|2020-03-04,Belgium
hCoV-19/Netherlands/Berlicum 1363564/2020|EPI ISL 413565|Europe|Netherlands|2020-02-24,Netherlands
hCoV-19/England/20106005303/2020|EPI ISL 417243|Europe|UnitedKingdom|2020-03-03,United Kingdom
hCoV-19/Iceland/73/2020|EPI ISL 417861|Europe|Iceland|2020-03-09,Iceland
hCoV-19/Netherlands/NA 19/2020|EPI ISL 415475|Europe|Netherlands|2020-03-12,Netherlands
hCoV-19/Belgium/ULG-6216/2020|EPI ISL 417014|Europe|Belgium|2020-03-13,Belgium
hCoV-19/Iceland/19/2020|EPI ISL 417817|Europe|Iceland|2020-03-02,Iceland
hCoV-19/Ireland/Dublin-19072/2020|EPI ISL 414584|Europe|Ireland|2020-03-02,Ireland
hCoV-19/France/Valence 425/2020|EPI ISL 416746|Europe|France|2020-03-03,France
hCoV-19/Brazil/SPBR-03/2020|EPI ISL 414014|SouthAmerica|Brazil|2020-03-02,Brazil
hCoV-19/Netherlands/Eindhoven 1363782/2020|EPI ISL 413571|Europe|Netherlands|2020-03-02,Netherlands
hCoV-19/England/20109093806/2020|EPI ISL 417287|Europe|UnitedKingdom|2020-03-06,United Kingdom
hCoV-19/Netherlands/ZuidHolland 2/2020|EPI ISL 414556|Europe|Netherlands|2020-03-06,Netherlands
hCoV-19/England/20108004602/2020|EPI ISL 417249|Europe|UnitedKingdom|2020-03-03,United Kingdom
hCoV-19/Netherlands/NoordBrabant 3/2020|EPI ISL 414429|Europe|Netherlands|2020-03-02,Netherlands
hCoV-19/Netherlands/NA 26/2020|EPI ISL 415483|Europe|Netherlands|2020-03-09,Netherlands
hCoV-19/Iceland/218/2020|EPI ISL 417834|Europe|Iceland|2020-03-16,Iceland
hCoV-19/Iceland/54/2020|EPI ISL 417684|Europe|Iceland|2020-03-06,Iceland
hCoV-19/Iceland/12/2020|EPI ISL 417688|Europe|Iceland|2020-03-01,Iceland
hCoV-19/Belgium/MTR-03026/2020|EPI ISL 416476|Europe|Belgium|2020-03-02,Belgium
hCoV-19/Belgium/MTR-03021/2020|EPI ISL 416467|Europe|Belgium|2020-03-02,Belgium
hCoV-19/Belgium/BC-03016/2020|EPI ISL 415157|Europe|Belgium|2020-03-01,Belgium
hCoV-19/Netherlands/ZuidHolland 20/2020|EPI ISL 414562|Europe|Netherlands|2020-03-03,Netherlands
hCoV-19/Netherlands/NoordBrabant 36/2020|EPI ISL 414545|Europe|Netherlands|2020-03-03,Netherlands
hCoV-19/Netherlands/ZuidHolland 18/2020|EPI ISL 414560|Europe|Netherlands|2020-03-03,Netherlands
hCoV-19/Finland/FIN-313/2020|EPI ISL 414641|Europe|Finland|2020-03-05,Finland
hCoV-19/Finland/FIN03032020C/2020|EPI ISL 413604|Europe|Finland|2020-03-03,Finland
hCoV-19/Germany/NRW-011/2020|EPI ISL 414507|Europe|Germany|2020-03-03,Germany
hCoV-19/Netherlands/ZuidHolland 23/2020|EPI ISL 414565|Europe|Netherlands|2020-03-09,Netherlands
hCoV-19/Netherlands/NA 25/2020|EPI ISL 415482|Europe|Netherlands|2020-03-09,Netherlands
hCoV-19/Belgium/VI-03027/2020|EPI ISL 417427|Europe|Belgium|2020-03-02,Belgium
hCoV-19/Netherlands/Utrecht 1/2020|EPI ISL 414435|Europe|Netherlands|2020-03-03,Netherlands
hCoV-19/Netherlands/Limburg 5/2020|EPI ISL 414448|Europe|Netherlands|2020-03-04,Netherlands
hCoV-19/Netherlands/Utrecht 14/2020|EPI ISL 414464|Europe|Netherlands|2020-03-04,Netherlands
hCoV-19/Iceland/70/2020|EPI ISL 417728|Europe|Iceland|2020-03-08,Iceland
hCoV-19/Iceland/17/2020|EPI ISL 417811|Europe|Iceland|2020-03-02,Iceland
hCoV-19/Iceland/15/2020|EPI ISL 417800|Europe|Iceland|2020-03-02,Iceland
hCoV-19/Switzerland/SZ1417/2020|EPI ISL 415702|Europe|Switzerland|2020-03-02,Switzerland
hCoV-19/Iceland/333/2020|EPI ISL 417662|Europe|Iceland|2020-03-14,Iceland
hCoV-19/Denmark/SSI-01/2020|EPI ISL 416142|Europe|Denmark|2020-02-26,Denmark
hCoV-19/Portugal/PT0022/2020|EPI ISL 418007|Europe|Portugal|2020-03-13,Portugal
hCoV-19/Peru/010/2020|EPI ISL 415787|SouthAmerica|Peru|2020-03-10,Peru
hCoV-19/France/IDF2561/2020|EPI ISL 418235|Europe|France|2020-03-16,France
hCoV-19/Taiwan/CGMH-CGU-12/2020|EPI ISL 417525|Asia|Taiwan|2020-03-14,Taiwan
hCoV-19/Belgium/ULG-6457/2020|EPI ISL 417015|Europe|Belgium|2020-03-13,Belgium
hCoV-19/Nigeria/Lagos01/2020|EPI ISL 413550|Africa|Nigeria|2020-02-27,Nigeria
hCoV-19/Belgium/VBK-03061/2020|EPI ISL 417425|Europe|Belgium|2020-03-06,Belgium
hCoV-19/Finland/FIN-25/2020|EPI ISL 412971|Europe|Finland|2020-02-25,Finland
hCoV-19/Netherlands/NoordBrabant 17/2020|EPI ISL 414457|Europe|Netherlands|2020-03-06,Netherlands
hCoV-19/Luxembourg/LNS6282845/2020|EPI ISL 417533|Europe|Luxembourg|2020-03-18,Luxembourg
hCoV-19/Luxembourg/LNS5731562/2020|EPI ISL 417529|Europe|Luxembourg|2020-03-18,Luxembourg
hCoV-19/CzechRepublic/951/2020|EPI ISL 414477|Europe|CzechRepublic|2020-03-01,Czech Republic
hCoV-19/France/GE1973/2020|EPI ISL 414631|Europe|France|2020-03-04,France
hCoV-19/Italy/TE4925/2020|EPI ISL 418255|Europe|Italy|2020-03-14,Italy
hCoV-19/England/20104002606/2020|EPI ISL 417220|Europe|UnitedKingdom|2020-03-03,United Kingdom
hCoV-19/England/20110043706/2020|EPI ISL 417310|Europe|UnitedKingdom|2020-03-07,United Kingdom
hCoV-19/Iceland/127/2020|EPI ISL 417727|Europe|Iceland|2020-03-12,Iceland
hCoV-19/USA/CT-Yale-006/2020|EPI ISL 416420|NorthAmerica|USA|2020-03-13,United States of America
hCoV-19/Denmark/SSI-03/2020|EPI ISL 416144|Europe|Denmark|2020-03-01,Denmark
hCoV-19/Luxembourg/Lux1/2020|EPI ISL 413593|Europe|Luxembourg|2020-02-29,Luxembourg
hCoV-19/Norway/1526/2020|EPI ISL 417485|Europe|Norway|2020-03-02,Norway
hCoV-19/Scotland/EDB003/2020|EPI ISL 415640|Europe|UnitedKingdom|2020-03-08,United Kingdom
hCoV-19/Denmark/SSI-101/2020|EPI ISL 415646|Europe|Denmark|2020-03-03,Denmark
hCoV-19/Iceland/228/2020|EPI ISL 417556|Europe|Iceland|2020-03-17,Iceland
hCoV-19/Wales/PHW27/2020|EPI ISL 415655|Europe|UnitedKingdom|2020-03-12,United Kingdom
hCoV-19/Finland/FIN03032020A/2020|EPI ISL 413602|Europe|Finland|2020-03-03,Finland
hCoV-19/Spain/CastillayLeon201061/2020|EPI ISL 418247|Europe|Spain|2020-02-26,Spain
hCoV-19/Spain/Madrid201105/2020|EPI ISL 418251|Europe|Spain|2020-02-25,Spain
hCoV-19/Spain/Madrid LP12 21/2020|EPI ISL 417972|Europe|Spain|2020-03-09,Spain
hCoV-19/USA/CA-PC101P/2020|EPI ISL 414648|NorthAmerica|USA|2020-03-11,United States of America
hCoV-19/Switzerland/TI9486/2020|EPI ISL 413996|Europe|Switzerland|2020-02-24,Switzerland
hCoV-19/Wales/PHWC-24015/2020|EPI ISL 418138|Europe|UnitedKingdom|2020-03-15,United Kingdom
hCoV-19/Iceland/112/2020|EPI ISL 417770|Europe|Iceland|2020-03-11,Iceland
hCoV-19/Spain/Madrid LP15 4/2020|EPI ISL 417978|Europe|Spain|2020-03-09,Spain
hCoV-19/Italy/INMI5/2020|EPI ISL 417923|Europe|Italy|2020-03-04,Italy
hCoV-19/Switzerland/GE5373/2020|EPI ISL 414020|Europe|Switzerland|2020-02-27,Switzerland
hCoV-19/Wales/PHWC-241A9/2020|EPI ISL 418152|Europe|UnitedKingdom|2020-03-15,United Kingdom
hCoV-19/Spain/Madrid H7 36/2020|EPI ISL 417957|Europe|Spain|2020-03-12,Spain
hCoV-19/Spain/Madrid H3 10/2020|EPI ISL 417954|Europe|Spain|2020-03-12,Spain
hCoV-19/Iceland/193/2020|EPI ISL 417820|Europe|Iceland|2020-03-16,Iceland
hCoV-19/Hungary/mbl1/2020|EPI ISL 416426|Europe|Hungary|2020-03-17,Hungary
hCoV-19/Australia/NSW47/2020|EPI ISL 417402|Oceania|Australia|2020-03-13,Australia
hCoV-19/Hungary/2/2020|EPI ISL 418183|Europe|Hungary|2020-03-17,Hungary
hCoV-19/Georgia/Tb-712/2020|EPI ISL 416481|Asia|Georgia|2020-03-16,Georgia
hCoV-19/Iceland/102/2020|EPI ISL 417777|Europe|Iceland|2020-03-10,Iceland
hCoV-19/Iceland/137/2020|EPI ISL 417744|Europe|Iceland|2020-03-13,Iceland
hCoV-19/Spain/Madrid H11 40/2020|EPI ISL 417967|Europe|Spain|2020-03-12,Spain
hCoV-19/Portugal/PT0024/2020|EPI ISL 418009|Europe|Portugal|2020-03-15,Portugal
hCoV-19/USA/WI-02/2020|EPI ISL 416489|NorthAmerica|USA|2020-03-15,United States of America
hCoV-19/Spain/Madrid201442/2020|EPI ISL 417010|Europe|Spain|2020-03-04,Spain
hCoV-19/Iceland/318/2020|EPI ISL 417647|Europe|Iceland|2020-03-18,Iceland
hCoV-19/Iceland/281/2020|EPI ISL 417609|Europe|Iceland|2020-03-17,Iceland
hCoV-19/Panama/328677/2020|EPI ISL 415152|CentralAmerica|Panama|2020-03-06,Panama
hCoV-19/Iceland/169/2020|EPI ISL 417755|Europe|Iceland|2020-03-13,Iceland
hCoV-19/Iceland/139/2020|EPI ISL 417790|Europe|Iceland|2020-03-12,Iceland
hCoV-19/Iceland/304/2020|EPI ISL 417633|Europe|Iceland|2020-03-17,Iceland
hCoV-19/Iceland/168/2020|EPI ISL 417810|Europe|Iceland|2020-03-13,Iceland
hCoV-19/Iceland/189/2020|EPI ISL 417709|Europe|Iceland|2020-03-16,Iceland
hCoV-19/England/20102073303/2020|EPI ISL 417214|Europe|UnitedKingdom|2020-03-02,United Kingdom
hCoV-19/Belgium/SH-03014/2020|EPI ISL 415156|Europe|Belgium|2020-03-01,Belgium
hCoV-19/Netherlands/NA 28/2020|EPI ISL 415485|Europe|Netherlands|2020-03-12,Netherlands
hCoV-19/Netherlands/NA 18/2020|EPI ISL 415474|Europe|Netherlands|2020-03-09,Netherlands
hCoV-19/NorthernIreland/HSCNI01/2020|EPI ISL 414949|Europe|UnitedKingdom|2020-02-26,United Kingdom
hCoV-19/Wales/PHW13/2020|EPI ISL 415537|Europe|UnitedKingdom|2020-03-08,United Kingdom
hCoV-19/Wales/PHW06/2020|EPI ISL 415435|Europe|UnitedKingdom|2020-03-06,United Kingdom
hCoV-19/Wales/PHW10/2020|EPI ISL 415453|Europe|UnitedKingdom|2020-03-10,United Kingdom
hCoV-19/Iceland/200/2020|EPI ISL 417743|Europe|Iceland|2020-03-16,Iceland
hCoV-19/Iceland/289/2020|EPI ISL 417617|Europe|Iceland|2020-03-18,Iceland
hCoV-19/Netherlands/ZuidHolland 31/2020|EPI ISL 415535|Europe|Netherlands|2020-03-12,Netherlands
hCoV-19/Iceland/157/2020|EPI ISL 417804|Europe|Iceland|2020-03-13,Iceland
hCoV-19/Iceland/199/2020|EPI ISL 417706|Europe|Iceland|2020-03-16,Iceland
hCoV-19/Iceland/198/2020|EPI ISL 417823|Europe|Iceland|2020-03-16,Iceland
hCoV-19/Netherlands/NA 31/2020|EPI ISL 415488|Europe|Netherlands|2020-03-13,Netherlands
hCoV-19/Netherlands/NoordBrabant 21/2020|EPI ISL 414530|Europe|Netherlands|2020-03-04,Netherlands
hCoV-19/Iceland/254/2020|EPI ISL 417582|Europe|Iceland|2020-03-17,Iceland
hCoV-19/Netherlands/ZuidHolland 5/2020|EPI ISL 414465|Europe|Netherlands|2020-03-04,Netherlands
hCoV-19/Netherlands/ZuidHolland 9/2020|EPI ISL 414445|Europe|Netherlands|2020-03-03,Netherlands
hCoV-19/Lithuania/ChVir1632/2020|EPI ISL 416741|Europe|Lithuania|2020-02,Lithuania
hCoV-19/Belgium/KA-03042/2020|EPI ISL 417424|Europe|Belgium|2020-03-04,Belgium
hCoV-19/Congo/108/2020|EPI ISL 417948|Africa|Congo|2020-03-19,Dem. Rep. Congo
hCoV-19/Congo/KN-0038/2020|EPI ISL 417434|Africa|Congo|2020-03-14,Dem. Rep. Congo
hCoV-19/Finland/FIN-266/2020|EPI ISL 414646|Europe|Finland|2020-03-04,Finland
hCoV-19/Italy/UnivPM1/2020|EPI ISL 417491|Europe|Italy|2020-03-03,Italy
hCoV-19/Iceland/235/2020|EPI ISL 417563|Europe|Iceland|2020-03-16,Iceland
hCoV-19/Iceland/3/2020|EPI ISL 417694|Europe|Iceland|2020-03-13,Iceland
hCoV-19/Iceland/211/2020|EPI ISL 417763|Europe|Iceland|2020-03-16,Iceland
hCoV-19/England/SHEF-BFD09/2020|EPI ISL 416735|Europe|England|2020-03-09,England
hCoV-19/Slovakia/SK-BMC1/2020|EPI ISL 417877|Europe|Slovakia|2020-03-06,Slovakia
hCoV-19/Iceland/149/2020|EPI ISL 417799|Europe|Iceland|2020-03-13,Iceland
hCoV-19/Iceland/164/2020|EPI ISL 417758|Europe|Iceland|2020-03-14,Iceland
hCoV-19/Belgium/ULG-4163/2020|EPI ISL 417013|Europe|Belgium|2020-03-09,Belgium
hCoV-19/Belgium/ULG-6503/2020|EPI ISL 417016|Europe|Belgium|2020-03-13,Belgium
hCoV-19/Belgium/ULG-6754/2020|EPI ISL 417019|Europe|Belgium|2020-03-14,Belgium
hCoV-19/Italy/TE4836/2020|EPI ISL 418260|Europe|Italy|2020-03-16,Italy
hCoV-19/Portugal/PT0005/2020|EPI ISL 417989|Europe|Portugal|2020-03-04,Portugal
hCoV-19/Switzerland/AG0361/2020|EPI ISL 413999|Europe|Switzerland|2020-02-27,Switzerland
hCoV-19/England/200981386/2020|EPI ISL 414010|Europe|UnitedKingdom|2020-02-26,United Kingdom
hCoV-19/Italy/CDG1/2020|EPI ISL 412973|Europe|Italy|2020-02-20,Italy
hCoV-19/Belgium/DB-03023/2020|EPI ISL 416470|Europe|Belgium|2020-03-02,Belgium
hCoV-19/Iceland/264/2020|EPI ISL 417592|Europe|Iceland|2020-03-17,Iceland
hCoV-19/Switzerland/GE4984/2020|EPI ISL 415708|Europe|Switzerland|2020-03-07,Switzerland
hCoV-19/Belgium/RT-03035/2020|EPI ISL 417430|Europe|Belgium|2020-03-03,Belgium
hCoV-19/Italy/UniSR1/2020|EPI ISL 413489|Europe|Italy|2020-03-03,Italy
hCoV-19/USA/UT-00011/2020|EPI ISL 417959|NorthAmerica|USA|2020-03-24,United States of America
hCoV-19/Senegal/073/2020|EPI ISL 418210|Africa|Senegal|2020-03-10,Senegal
hCoV-19/Senegal/094/2020|EPI ISL 418213|Africa|Senegal|2020-03-12,Senegal
hCoV-19/Senegal/119/2020|EPI ISL 418215|Africa|Senegal|2020-03-12,Senegal
hCoV-19/Iceland/150/2020|EPI ISL 417711|Europe|Iceland|2020-03-13,Iceland
hCoV-19/Luxembourg/LNS2128808/2020|EPI ISL 417530|Europe|Luxembourg|2020-03-18,Luxembourg
hCoV-19/USA/UT-00032/2020|EPI ISL 417974|NorthAmerica|USA|2020-03-24,United States of America
hCoV-19/NetherlandsL/Houten 1363498/2020|EPI ISL 413575|Europe|Netherlands|2020-02-29,Netherlands
hCoV-19/Iceland/53/2020|EPI ISL 417851|Europe|Iceland|2020-03-05,Iceland
hCoV-19/Iceland/224/2020|EPI ISL 417839|Europe|Iceland|2020-03-16,Iceland
hCoV-19/Ireland/Limerick-19933/2020|EPI ISL 414585|Europe|Ireland|2020-03-03,Ireland
hCoV-19/Netherlands/NA 16/2020|EPI ISL 415472|Europe|Netherlands|2020-03-11,Netherlands
hCoV-19/Iceland/LUH-01/2020|EPI ISL 417481|Europe|Iceland|2020-03-13,Iceland
hCoV-19/Netherlands/ZuidHolland 17/2020|EPI ISL 414559|Europe|Netherlands|2020-03-07,Netherlands
hCoV-19/Japan/SMU-0311S3/2020|EPI ISL 416525|Asia|Japan|2020-03-11,Japan
hCoV-19/Australia/NSW39/2020|EPI ISL 417397|Oceania|Australia|2020-03-11,Australia
hCoV-19/Portugal/PT0032/2020|EPI ISL 418017|Europe|Portugal|2020-03-16,Portugal
hCoV-19/SouthAfrica/R03006-20/2020|EPI ISL 417186|Africa|SouthAfrica|2020-03-07,SouthAfrica
hCoV-19/Georgia/Tb-273/2020|EPI ISL 416479|Asia|Georgia|2020-03-05,Georgia
hCoV-19/Denmark/SSI-102/2020|EPI ISL 415647|Europe|Denmark|2020-03-03,Denmark
hCoV-19/England/20102000506/2020|EPI ISL 415147|Europe|UnitedKingdom|2020-03-01,United Kingdom
hCoV-19/England/20099107406/2020|EPI ISL 415131|Europe|UnitedKingdom|2020-02-29,United Kingdom
hCoV-19/Portugal/PT0014/2020|EPI ISL 417999|Europe|Portugal|2020-03-07,Portugal
hCoV-19/Georgia/Tb/2020|EPI ISL 416482|Asia|Georgia|2020-03-13,Georgia
hCoV-19/Iceland/14/2020|EPI ISL 417736|Europe|Iceland|2020-03-01,Iceland
hCoV-19/Denmark/SSI-04/2020|EPI ISL 416153|Europe|Denmark|2020-03-02,Denmark
hCoV-19/Belgium/VLM-03011/2020|EPI ISL 415153|Europe|Belgium|2020-03-03,Belgium
hCoV-19/Belgium/VAG-03013/2020|EPI ISL 415155|Europe|Belgium|2020-03-01,Belgium
hCoV-19/Belgium/SN-03031/2020|EPI ISL 416469|Europe|Belgium|2020-03-03,Belgium
hCoV-19/Belgium/BM-03012/2020|EPI ISL 415154|Europe|Belgium|2020-03-01,Belgium
hCoV-19/Italy/UniMI01/2020|EPI ISL 417445|Europe|Italy|2020-02-24,Italy
hCoV-19/Belgium/BA-02291/2020|EPI ISL 415159|Europe|Belgium|2020-02-29,Belgium
hCoV-19/France/HF2039/2020|EPI ISL 415649|Europe|France|2020-03-05,France
hCoV-19/Netherlands/Haarlem 1363688/2020|EPI ISL 413572|Europe|Netherlands|2020-03-01,Netherlands
hCoV-19/USA/WA-UW210/2020|EPI ISL 417359|NorthAmerica|USA|2020-03-14,United States of America
hCoV-19/Iceland/161/2020|EPI ISL 417725|Europe|Iceland|2020-03-14,Iceland
hCoV-19/USA/WI-10/2020|EPI ISL 417204|NorthAmerica|USA|2020-03-21,United States of America
hCoV-19/Georgia/Tb-673/2020|EPI ISL 416478|Asia|Georgia|2020-03-14,Georgia
hCoV-19/USA/WI-13/2020|EPI ISL 417516|NorthAmerica|USA|2020-03-26,United States of America
hCoV-19/USA/NY-NYUMC11/2020|EPI ISL 418196|NorthAmerica|USA|2020-03-14,United States of America
hCoV-19/France/HF1989/2020|EPI ISL 414636|Europe|France|2020-03-04,France
hCoV-19/France/HF1988/2020|EPI ISL 414635|Europe|France|2020-03-04,France
hCoV-19/France/HF2234/2020|EPI ISL 416495|Europe|France|2020-03-10,France
hCoV-19/Netherlands/NA 30/2020|EPI ISL 415487|Europe|Netherlands|2020-03-13,Netherlands
hCoV-19/USA/WA-UW273/2020|EPI ISL 418058|NorthAmerica|USA|2020-03-13,United States of America
hCoV-19/USA/WI-03/2020|EPI ISL 416523|NorthAmerica|USA|2020-03-14,United States of America
hCoV-19/Iceland/212/2020|EPI ISL 417830|Europe|Iceland|2020-03-16,Iceland
hCoV-19/Iceland/270/2020|EPI ISL 417598|Europe|Iceland|2020-03-17,Iceland
hCoV-19/USA/WA-UW256/2020|EPI ISL 418041|NorthAmerica|USA|2020-03-14,United States of America
hCoV-19/Iceland/48/2020|EPI ISL 417707|Europe|Iceland|2020-03-05,Iceland
hCoV-19/Iceland/52/2020|EPI ISL 417850|Europe|Iceland|2020-03-05,Iceland
hCoV-19/France/HF1986/2020|EPI ISL 414634|Europe|France|2020-03-04,France
hCoV-19/Iceland/63/2020|EPI ISL 417855|Europe|Iceland|2020-03-07,Iceland
hCoV-19/Iceland/134/2020|EPI ISL 417735|Europe|Iceland|2020-03-12,Iceland
hCoV-19/France/HF2237/2020|EPI ISL 416496|Europe|France|2020-03-10,France
hCoV-19/Belgium/ULG-6939/2020|EPI ISL 417020|Europe|Belgium|2020-03-15,Belgium
hCoV-19/France/IDF2075/2020|EPI ISL 415650|Europe|France|2020-03-02,France
hCoV-19/France/Bourg-en-Bresse 06813/2020|EPI ISL 417340|Europe|France|2020-03-07,France
hCoV-19/USA/UT-00033/2020|EPI ISL 417976|NorthAmerica|USA|2020-03-24,United States of America
hCoV-19/USA/NY-NYUMC18/2020|EPI ISL 418203|NorthAmerica|USA|2020-03-17,United States of America
hCoV-19/USA/WA-UW104/2020|EPI ISL 416642|NorthAmerica|USA|2020-03-11,United States of America
hCoV-19/Netherlands/NA 24/2020|EPI ISL 415481|Europe|Netherlands|2020-03-08,Netherlands
hCoV-19/France/HF2586/2020|EPI ISL 418236|Europe|France|2020-03-16,France
hCoV-19/USA/NY-NYUMC7/2020|EPI ISL 418192|NorthAmerica|USA|2020-03-16,United States of America
hCoV-19/Iceland/336/2020|EPI ISL 417665|Europe|Iceland|2020-03-14,Iceland
hCoV-19/Iceland/173/2020|EPI ISL 417700|Europe|Iceland|2020-03-15,Iceland
hCoV-19/USA/CZB-RR057-014/2020|EPI ISL 417938|NorthAmerica|USA|2020-03-18,United States of America
hCoV-19/USA/WA-UW117/2020|EPI ISL 416655|NorthAmerica|USA|2020-03-11,United States of America
hCoV-19/USA/CA-CDPH-UC24/2020|EPI ISL 417328|NorthAmerica|USA|2020-03-07,United States of America
hCoV-19/France/Macon 06756/2020|EPI ISL 417338|Europe|France|2020-03-07,France
hCoV-19/France/B2330/2020|EPI ISL 416502|Europe|France|2020-02-26,France
hCoV-19/Iceland/18/2020|EPI ISL 417710|Europe|Iceland|2020-03-02,Iceland
hCoV-19/Iceland/327/2020|EPI ISL 417656|Europe|Iceland|2020-03-14,Iceland
hCoV-19/Iceland/251/2020|EPI ISL 417579|Europe|Iceland|2020-03-17,Iceland
hCoV-19/France/B2348/2020|EPI ISL 416511|Europe|France|2020-03-07,France
hCoV-19/France/B2344/2020|EPI ISL 416509|Europe|France|2020-03-06,France
hCoV-19/France/B2349/2020|EPI ISL 416512|Europe|France|2020-03-07,France
hCoV-19/France/B2351/2020|EPI ISL 416513|Europe|France|2020-03-07,France
hCoV-19/Iceland/101/2020|EPI ISL 417682|Europe|Iceland|2020-03-10,Iceland
hCoV-19/Denmark/SSI-104/2020|EPI ISL 415648|Europe|Denmark|2020-03-03,Denmark
hCoV-19/USA/NY-NYUMC15/2020|EPI ISL 418200|NorthAmerica|USA|2020-03-17,United States of America
hCoV-19/USA/WI-GMF-00232/2020|EPI ISL 418188|NorthAmerica|USA|2020-03-23,United States of America
hCoV-19/USA/NY-NYUMC13/2020|EPI ISL 418198|NorthAmerica|USA|2020-03-17,United States of America
hCoV-19/USA/WA-UW291/2020|EPI ISL 418076|NorthAmerica|USA|2020-03-15,United States of America
hCoV-19/USA/CZB-RR057-015/2020|EPI ISL 417939|NorthAmerica|USA|2020-03-18,United States of America
hCoV-19/USA/UPHL-06/2020|EPI ISL 415544|NorthAmerica|USA|2020-03-13,United States of America
hCoV-19/USA/MN38-MDH38/2020|EPI ISL 417474|NorthAmerica|USA|2020-03-12,United States of America
hCoV-19/USA/NY-NYUMC12/2020|EPI ISL 418197|NorthAmerica|USA|2020-03-15,United States of America
hCoV-19/Germany/NRW-12/2020|EPI ISL 417457|Europe|Germany|2020-03-10,Germany
hCoV-19/Finland/FIN-455/2020|EPI ISL 414642|Europe|Finland|2020-03-08,Finland
hCoV-19/USA/WI-GMF-00018/2020|EPI ISL 418184|NorthAmerica|USA|2020-03-18,United States of America
hCoV-19/France/HF1465/2020|EPI ISL 418218|Europe|France|2020-02-21,France
hCoV-19/USA/UT-00034/2020|EPI ISL 417977|NorthAmerica|USA|2020-03-24,United States of America
hCoV-19/Iceland/125/2020|EPI ISL 417690|Europe|Iceland|2020-03-11,Iceland
hCoV-19/USA/WA-UW96/2020|EPI ISL 416452|NorthAmerica|USA|2020-03-10,United States of America
hCoV-19/USA/WA-UW166/2020|EPI ISL 416704|NorthAmerica|USA|2020-03-15,United States of America
hCoV-19/USA/WA-UW283/2020|EPI ISL 418068|NorthAmerica|USA|2020-03-14,United States of America
hCoV-19/USA/WA-UW153/2020|EPI ISL 416691|NorthAmerica|USA|2020-03-13,United States of America
hCoV-19/USA/WA-UW296/2020|EPI ISL 418081|NorthAmerica|USA|2020-03-15,United States of America
hCoV-19/USA/WA-UW240/2020|EPI ISL 417454|NorthAmerica|USA|2020-03-14,United States of America
hCoV-19/USA/WA-UW29/2020|EPI ISL 414616|NorthAmerica|USA|2020-03-08,United States of America
hCoV-19/USA/WA-UW155/2020|EPI ISL 416693|NorthAmerica|USA|2020-03-12,United States of America
hCoV-19/USA/WA-UW78/2020|EPI ISL 416434|NorthAmerica|USA|2020-03-10,United States of America
hCoV-19/Netherlands/NA 20/2020|EPI ISL 415477|Europe|Netherlands|2020-03-12,Netherlands
hCoV-19/Netherlands/NoordHolland 3/2020|EPI ISL 415525|Europe|Netherlands|2020-03-12,Netherlands
hCoV-19/France/HF2405/2020|EPI ISL 418228|Europe|France|2020-03-12,France
hCoV-19/Iceland/30/2020|EPI ISL 417773|Europe|Iceland|2020-03-03,Iceland
hCoV-19/USA/CA-CDPH-UC27/2020|EPI ISL 417331|NorthAmerica|USA|2020-03-13,United States of America
hCoV-19/NanChang/JX216/2020|EPI ISL 417420|Asia|China|2020-03-21,China
hCoV-19/USA/NY-NYUMC14/2020|EPI ISL 418199|NorthAmerica|USA|2020-03-17,United States of America
hCoV-19/USA/NY-NYUMC5/2020|EPI ISL 418190|NorthAmerica|USA|2020-03-16,United States of America
hCoV-19/USA/MN40-MDH40/2020|EPI ISL 417476|NorthAmerica|USA|2020-03-12,United States of America
hCoV-19/France/IDF2284/2020|EPI ISL 416501|Europe|France|2020-03-10,France
hCoV-19/Iceland/91/2020|EPI ISL 417873|Europe|Iceland|2020-03-10,Iceland
hCoV-19/USA/WA-UW251/2020|EPI ISL 418036|NorthAmerica|USA|2020-03-13,United States of America
hCoV-19/USA/WA-UW243/2020|EPI ISL 418028|NorthAmerica|USA|2020-03-13,United States of America
hCoV-19/USA/UT-00027/2020|EPI ISL 417970|NorthAmerica|USA|2020-03-24,United States of America
hCoV-19/USA/WA-UW123/2020|EPI ISL 416661|NorthAmerica|USA|2020-03-12,United States of America
hCoV-19/USA/WA-UW257/2020|EPI ISL 418042|NorthAmerica|USA|2020-03-13,United States of America
hCoV-19/USA/WA-UW266/2020|EPI ISL 418051|NorthAmerica|USA|2020-03-13,United States of America
hCoV-19/USA/UT-00028/2020|EPI ISL 417971|NorthAmerica|USA|2020-03-24,United States of America
hCoV-19/France/HF1813/2020|EPI ISL 418221|Europe|France|2020-03-02,France
hCoV-19/Iceland/74/2020|EPI ISL 417701|Europe|Iceland|2020-03-09,Iceland
hCoV-19/Iceland/147/2020|EPI ISL 417797|Europe|Iceland|2020-03-13,Iceland
hCoV-19/Iceland/60/2020|EPI ISL 417760|Europe|Iceland|2020-03-06,Iceland
hCoV-19/Iceland/45/2020|EPI ISL 417715|Europe|Iceland|2020-03-04,Iceland
hCoV-19/Portugal/PT0037/2020|EPI ISL 418022|Europe|Portugal|2020-03-15,Portugal
hCoV-19/France/Lyon 508/2020|EPI ISL 416748|Europe|France|2020-03-04,France
hCoV-19/France/HF2595/2020|EPI ISL 418237|Europe|France|2020-03-16,France
hCoV-19/France/HF1871/2020|EPI ISL 414630|Europe|France|2020-03-03,France
hCoV-19/France/IDF2256/2020|EPI ISL 416498|Europe|France|2020-03-11,France
hCoV-19/Algeria/G0638 2264/2020|EPI ISL 418241|Africa|Algeria|2020-03-02,Algeria
hCoV-19/Algeria/G0640 2265/2020|EPI ISL 418242|Africa|Algeria|2020-03-08,Algeria
hCoV-19/Iceland/132/2020|EPI ISL 417787|Europe|Iceland|2020-03-12,Iceland
hCoV-19/France/PL1643/2020|EPI ISL 414625|Europe|France|2020-02-26,France
hCoV-19/Luxembourg/LNS2013896/2020|EPI ISL 417531|Europe|Luxembourg|2020-03-18,Luxembourg
hCoV-19/Belgium/ULG-3163/2020|EPI ISL 417006|Europe|Belgium|2020-03-05,Belgium
hCoV-19/Senegal/003/2020|EPI ISL 418206|Africa|Senegal|2020-02-28,Senegal
hCoV-19/Senegal/026/2020|EPI ISL 418209|Africa|Senegal|2020-03-03,Senegal
hCoV-19/Iceland/159/2020|EPI ISL 417806|Europe|Iceland|2020-03-13,Iceland
hCoV-19/Iceland/213/2020|EPI ISL 417752|Europe|Iceland|2020-03-16,Iceland
hCoV-19/France/HF1805/2020|EPI ISL 414628|Europe|France|2020-03-02,France
hCoV-19/France/Lyon 0693/2020|EPI ISL 416758|Europe|France|2020-03-08,France
hCoV-19/Congo/81/2020|EPI ISL 417944|Africa|Congo|2020-03-18,Dem. Rep. Congo
hCoV-19/Belgium/ULG-6670/2020|EPI ISL 417018|Europe|Belgium|2020-03-14,Belgium
hCoV-19/Taiwan/NTU03/2020|EPI ISL 413592|Asia|Taiwan|2020-03-02,Taiwan
hCoV-19/USA/WA-UW133/2020|EPI ISL 416671|NorthAmerica|USA|2020-03-12,United States of America
hCoV-19/USA/WI-14/2020|EPI ISL 417513|NorthAmerica|USA|2020-03-26,United States of America
hCoV-19/USA/MN25-MDH25/2020|EPI ISL 417192|NorthAmerica|USA|2020-03-12,United States of America
hCoV-19/Portugal/PT0021/2020|EPI ISL 418006|Europe|Portugal|2020-03-13,Portugal
hCoV-19/USA/WA-UW136/2020|EPI ISL 416674|NorthAmerica|USA|2020-03-11,United States of America
hCoV-19/SaudiArabia/SCDC-3321/2020|EPI ISL 416521|Asia|SaudiArabia|2020-03-10,SaudiArabia
hCoV-19/USA/CA-CDPH-UC12/2020|EPI ISL 417316|NorthAmerica|USA|2020-03-11,United States of America
hCoV-19/Iceland/319/2020|EPI ISL 417648|Europe|Iceland|2020-03-18,Iceland
hCoV-19/France/HF1993/2020|EPI ISL 414637|Europe|France|2020-03-04,France
hCoV-19/USA/WA-UW250/2020|EPI ISL 418035|NorthAmerica|USA|2020-03-14,United States of America
hCoV-19/USA/WI-17/2020|EPI ISL 417517|NorthAmerica|USA|2020-03-26,United States of America
hCoV-19/France/HF2174/2020|EPI ISL 415654|Europe|France|2020-03-09,France
hCoV-19/France/HF2393/2020|EPI ISL 418227|Europe|France|2020-03-12,France
hCoV-19/France/HF2155/2020|EPI ISL 418225|Europe|France|2020-03-08,France
hCoV-19/France/HF1995/2020|EPI ISL 414638|Europe|France|2020-03-04,France
hCoV-19/France/GE1977/2020|EPI ISL 414632|Europe|France|2020-03-04,France
hCoV-19/France/IDF2410/2020|EPI ISL 418229|Europe|France|2020-03-12,France
hCoV-19/Slovakia/SK-BMC5/2020|EPI ISL 417879|Europe|Slovakia|2020-03-06,Slovakia
hCoV-19/France/HF1684/2020|EPI ISL 414626|Europe|France|2020-02-29,France
hCoV-19/Slovakia/SK-BMC2/2020|EPI ISL 417878|Europe|Slovakia|2020-03-07,Slovakia
hCoV-19/Australia/VIC11/2020|EPI ISL 416517|Oceania|Australia|2020-03-16,Australia
hCoV-19/Congo/KN-0060/2020|EPI ISL 417440|Africa|Congo|2020-03-17,Dem. Rep. Congo
hCoV-19/Congo/KN-0017/2020|EPI ISL 417433|Africa|Congo|2020-03-11,Dem. Rep. Congo
hCoV-19/Australia/NSW61/2020|EPI ISL 417411|Oceania|Australia|2020-03-17,Australia
hCoV-19/Congo/KN-13/2020|EPI ISL 414647|Africa|Congo|2020-03-09,Dem. Rep. Congo
hCoV-19/Finland/FIN-114/2020|EPI ISL 414640|Europe|Finland|2020-03-01,Finland
hCoV-19/USA/MN34-MDH34/2020|EPI ISL 417471|NorthAmerica|USA|2020-03-12,United States of America
hCoV-19/Shanghai/SH0025/2020|EPI ISL 416334|Asia|China|2020-02-06,China
hCoV-19/Spain/Madrid LP10 12/2020|EPI ISL 417969|Europe|Spain|2020-03-09,Spain
hCoV-19/Shanghai/SH0014/2020|EPI ISL 416327|Asia|China|2020-01-28,China
hCoV-19/Shanghai/SH0107/2020|EPI ISL 416397|Asia|China|2020-02-02,China
hCoV-19/Shanghai/SH0114/2020|EPI ISL 416401|Asia|China|2020-02-02,China
hCoV-19/Guangdong/2020XN4448-P0002/2020|EPI ISL 413857|Asia|China|2020-01-31,China
hCoV-19/Shanghai/SH0039/2020|EPI ISL 416348|Asia|China|2020-02-06,China
hCoV-19/Guangdong/GD2020139-P0007/2020|EPI ISL 413882|Asia|China|2020-02-02,China
hCoV-19/China/WF0002/2020|EPI ISL 413692|Asia|China|2020-01,China
hCoV-19/Sichuan/IVDC-SC-001/2020|EPI ISL 408484|Asia|China|2020-01-15,China
hCoV-19/HongKong/VM20001061/2020|EPI ISL 412028|Asia|HongKong|2020-01-22,Hong Kong
hCoV-19/HongKong/Case1 21012020/2020|EPI ISL 417176|Asia|HongKong|2020-01-21,Hong Kong
hCoV-19/Vietnam/CM99/2020|EPI ISL 416429|Asia|Vietnam|2020-02-11,Vietnam
hCoV-19/Shanghai/SH0128/2020|EPI ISL 416409|Asia|China|2020-02-02,China
hCoV-19/Guangdong/GZ-S6-P0050/2020|EPI ISL 413873|Asia|China|2020-02-28,China
hCoV-19/NewZealand/20VR0275/2020|EPI ISL 416538|Oceania|NewZealand|2020-03-15,New Zealand
hCoV-19/USA/WA-UW260/2020|EPI ISL 418045|NorthAmerica|USA|2020-03-14,United States of America
hCoV-19/NewZealand/20VR0276/2020|EPI ISL 416539|Oceania|NewZealand|2020-03-15,New Zealand
hCoV-19/Shanghai/SH0017/2020|EPI ISL 416328|Asia|China|2020-02-01,China
hCoV-19/USA/CA1/2020|EPI ISL 406034|NorthAmerica|USA|2020-01-23,United States of America
hCoV-19/Vietnam/38142/2020|EPI ISL 416427|Asia|Vietnam|2020-01-24,Vietnam
hCoV-19/Wuhan/HBCDC-HB-04/2020|EPI ISL 412980|Asia|China|2020-01-18,China
hCoV-19/Wuhan/HBCDC-HB-02/2020|EPI ISL 412978|Asia|China|2020-01-17,China
hCoV-19/Guangdong/2020XN4273-P0036/2020|EPI ISL 413860|Asia|China|2020-01-30,China
hCoV-19/SouthKorea/KCDC05/2020|EPI ISL 412869|Asia|SouthKorea|2020-01-30,South Korea
hCoV-19/USA/TX1/2020|EPI ISL 411956|NorthAmerica|USA|2020-02-11,United States of America
hCoV-19/Guangdong/2020XN4291-P0038/2020|EPI ISL 413889|Asia|China|2020-01-30,China
hCoV-19/China/WF0029/2020|EPI ISL 413809|Asia|China|2020-02,China
hCoV-19/Germany/BavPat3/2020|EPI ISL 414521|Europe|Germany|2020-03-02,Germany
hCoV-19/Shenzhen/SZTH-002/2020|EPI ISL 406593|Asia|China|2020-01-13,China
hCoV-19/Shanghai/SH0004/2020|EPI ISL 416318|Asia|China|2020-01-28,China
hCoV-19/Guangdong/SZ-N128-P0057/2020|EPI ISL 413897|Asia|China|2020-02-28,China
hCoV-19/Japan/TY-WK-521/2020|EPI ISL 408667|Asia|Japan|2020-01-31,Japan
hCoV-19/Japan/TY-WK-012/2020|EPI ISL 408665|Asia|Japan|2020-01-29,Japan
hCoV-19/Shanghai/SH0059/2020|EPI ISL 416366|Asia|China|2020-01-30,China
hCoV-19/Australia/NSW04/2020|EPI ISL 417030|Oceania|Australia|2020-01-24,Australia
hCoV-19/USA/IL1/2020|EPI ISL 404253|NorthAmerica|USA|2020-01-21,United States of America
hCoV-19/China/WF0006/2020|EPI ISL 413695|Asia|China|2020-01,China
hCoV-19/Malaysia/MKAK-CL-2020-5096/2020|EPI ISL 416885|Asia|Malaysia|2020-02-20,Malaysia
hCoV-19/Shanghai/SH0009/2020|EPI ISL 416322|Asia|China|2020-01-29,China
hCoV-19/Wuhan/HBCDC-HB-06/2020|EPI ISL 412982|Asia|China|2020-02-07,China
hCoV-19/China/WF0019/2020|EPI ISL 413749|Asia|China|2020-02,China
hCoV-19/Taiwan/3/2020|EPI ISL 411926|Asia|Taiwan|2020-01-24,Taiwan
hCoV-19/Tianmen/HBCDC-HB-07/2020|EPI ISL 412983|Asia|China|2020-02-08,China
hCoV-19/Shanghai/SH0035/2020|EPI ISL 416344|Asia|China|2020-01-30,China
hCoV-19/Shanghai/SH0003/2020|EPI ISL 416317|Asia|China|2020-01-25,China
hCoV-19/Australia/QLD02/2020|EPI ISL 407896|Oceania|Australia|2020-01-30,Australia
hCoV-19/Australia/QLD01/2020|EPI ISL 407894|Oceania|Australia|2020-01-28,Australia
hCoV-19/Shanghai/SH0117/2020|EPI ISL 416403|Asia|China|2020-02-02,China
hCoV-19/Australia/QLD03/2020|EPI ISL 410717|Oceania|Australia|2020-02-05,Australia
hCoV-19/Singapore/4/2020|EPI ISL 410535|Asia|Singapore|2020-02-03,Singapore
hCoV-19/Netherlands/Utrecht 16/2020|EPI ISL 414555|Europe|Netherlands|2020-03-08,Netherlands
hCoV-19/Netherlands/Utrecht 17/2020|EPI ISL 415526|Europe|Netherlands|2020-03-10,Netherlands
hCoV-19/USA/WI-06/2020|EPI ISL 417200|NorthAmerica|USA|2020-03-21,United States of America
hCoV-19/USA/WI-22/2020|EPI ISL 417514|NorthAmerica|USA|2020-03-26,United States of America
hCoV-19/USA/WI-07/2020|EPI ISL 417201|NorthAmerica|USA|2020-03-21,United States of America
hCoV-19/USA/WA-UW158/2020|EPI ISL 416696|NorthAmerica|USA|2020-03-13,United States of America
hCoV-19/USA/CA7/2020|EPI ISL 411954|NorthAmerica|USA|2020-02-06,United States of America
hCoV-19/Australia/VIC07/2020|EPI ISL 416415|Oceania|Australia|2020-02-08,Australia
hCoV-19/Belgium/GHB-03021/2020|EPI ISL 407976|Europe|Belgium|2020-02-03,Belgium
hCoV-19/SouthKorea/KCDC03/2020|EPI ISL 407193|Asia|SouthKorea|2020-01-25,South Korea
hCoV-19/SouthKorea/KCDC07/2020|EPI ISL 412871|Asia|SouthKorea|2020-01-31,South Korea
hCoV-19/Beijing/233/2020|EPI ISL 413520|Asia|China|2020-01-28,China
hCoV-19/Beijing/105/2020|EPI ISL 413518|Asia|China|2020-01-26,China
hCoV-19/Shanghai/SH0075/2020|EPI ISL 416378|Asia|China|2020-01-30,China
hCoV-19/Shanghai/SH0034/2020|EPI ISL 416343|Asia|China|2020-02-04,China
hCoV-19/China/WF0014/2020|EPI ISL 413711|Asia|China|2020-02,China
hCoV-19/Guangdong/2020XN4475-P0042/2020|EPI ISL 413854|Asia|China|2020-01-30,China
hCoV-19/India/1-31/2020|EPI ISL 413523|Asia|India|2020-01-31,India
hCoV-19/Shanghai/SH0010/2020|EPI ISL 416323|Asia|China|2020-01-29,China
hCoV-19/Singapore/13/2020|EPI ISL 414379|Asia|Singapore|2020-02-18,Singapore
hCoV-19/Spain/Madrid R2 15/2020|EPI ISL 417979|Europe|Spain|2020-03-03,Spain
hCoV-19/Guangdong/FS-S29-P0051/2020|EPI ISL 413891|Asia|China|2020-02-28,China
hCoV-19/Spain/CastillaLaMancha201329/2020|EPI ISL 418246|Europe|Spain|2020-03-01,Spain
hCoV-19/Spain/CastillaLaMancha201328/2020|EPI ISL 418245|Europe|Spain|2020-03-01,Spain
hCoV-19/Colombia/79256/2020|EPI ISL 417924|SouthAmerica|Colombia|2020-03-11,Colombia
hCoV-19/Chile/Talca-1/2020|EPI ISL 414577|SouthAmerica|Chile|2020-03-02,Chile
hCoV-19/Spain/Madrid201449/2020|EPI ISL 418252|Europe|Spain|2020-03-04,Spain
hCoV-19/Spain/Madrid R5 8/2020|EPI ISL 417980|Europe|Spain|2020-03-03,Spain
hCoV-19/Shanghai/SH0021/2020|EPI ISL 416330|Asia|China|2020-02-02,China
hCoV-19/Shanghai/SH0115/2020|EPI ISL 416402|Asia|China|2020-02-11,China
hCoV-19/England/01/2020|EPI ISL 407071|Europe|UnitedKingdom|2020-01-29,United Kingdom
hCoV-19/England/02/2020|EPI ISL 407073|Europe|UnitedKingdom|2020-01-29,United Kingdom
hCoV-19/Taiwan/CGMH-CGU-02/2020|EPI ISL 417518|Asia|Taiwan|2020-02-04,Taiwan
hCoV-19/Guangdong/GD2020085-P0043/2020|EPI ISL 413887|Asia|China|2020-02-01,China
hCoV-19/Australia/NSW01/2020|EPI ISL 407893|Oceania|Australia|2020-01-24,Australia
hCoV-19/Shanghai/SH0030/2020|EPI ISL 416339|Asia|China|2020-02-03,China
hCoV-19/Shanghai/SH0069/2020|EPI ISL 416372|Asia|China|2020-02-01,China
hCoV-19/Spain/Madrid R10 33/2020|EPI ISL 417981|Europe|Spain|2020-03-02,Spain
hCoV-19/Spain/Valencia6/2020|EPI ISL 416485|Europe|Spain|2020-02-27,Spain
hCoV-19/Spain/Valencia2/2020|EPI ISL 414496|Europe|Spain|2020-03-04,Spain
hCoV-19/USA/NY2-PV08100/2020|EPI ISL 415151|NorthAmerica|USA|2020-03-04,United States of America
hCoV-19/Brazil/AMBR-02/2020|EPI ISL 417034|SouthAmerica|Brazil|2020-03-16,Brazil
hCoV-19/Chile/Santiago-1/2020|EPI ISL 414579|SouthAmerica|Chile|2020-03-03,Chile
hCoV-19/Spain/CastillayLeon201437/2020|EPI ISL 416994|Europe|Spain|2020-03-04,Spain
hCoV-19/Netherlands/NoordBrabant 46/2020|EPI ISL 415503|Europe|Netherlands|2020-03-11,Netherlands
hCoV-19/Georgia/Tb-390/2020|EPI ISL 416477|Asia|Georgia|2020-03-08,Georgia
hCoV-19/Wales/PHWC-24112/2020|EPI ISL 418146|Europe|UnitedKingdom|2020-03-14,United Kingdom
hCoV-19/Portugal/PT0042/2020|EPI ISL 418027|Europe|Portugal|2020-03-17,Portugal
hCoV-19/Spain/Madrid H9 38/2020|EPI ISL 417961|Europe|Spain|2020-03-12,Spain
hCoV-19/Senegal/136/2020|EPI ISL 418216|Africa|Senegal|2020-03-13,Senegal
hCoV-19/Greece/16/2020|EPI ISL 418265|Europe|Greece|2020-03-18,Greece
hCoV-19/Spain/Valencia4/2020|EPI ISL 416483|Europe|Spain|2020-02-26,Spain
hCoV-19/France/GE1583/2020|EPI ISL 414623|Europe|France|2020-02-25,France
hCoV-19/Shandong/LY003/2020|EPI ISL 414936|Asia|China|2020-01-23,China
hCoV-19/Shandong/LY005/2020|EPI ISL 414938|Asia|China|2020-01-24,China
hCoV-19/SouthKorea/KCDC24/2020|EPI ISL 412873|Asia|SouthKorea|2020-02-06,South Korea
hCoV-19/Anhui/SZ005/2020|EPI ISL 413485|Asia|China|2020-01-24,China
hCoV-19/Shanghai/SH0100/2020|EPI ISL 416392|Asia|China|2020-02-02,China
hCoV-19/Yunnan/IVDC-YN-003/2020|EPI ISL 408480|Asia|China|2020-01-17,China
hCoV-19/Guangdong/GD2020233-P0027/2020|EPI ISL 413856|Asia|China|2020-02-07,China
hCoV-19/USA/AZ1/2020|EPI ISL 406223|NorthAmerica|USA|2020-01-22,United States of America
hCoV-19/Guangdong/GD2020086-P0021/2020|EPI ISL 413862|Asia|China|2020-02-01,China
hCoV-19/Malaysia/MKAK-CL-2020-6430/2020|EPI ISL 416886|Asia|Malaysia|2020-02-20,Malaysia
hCoV-19/USA/WA1/2020|EPI ISL 404895|NorthAmerica|USA|2020-01-19,United States of America
hCoV-19/Chongqing/YC01/2020|EPI ISL 408478|Asia|China|2020-01-21,China
hCoV-19/USA/WA-S8/2020|EPI ISL 416463|NorthAmerica|USA|2020-02-24,United States of America
hCoV-19/USA/MN1-MDH1/2020|EPI ISL 414588|NorthAmerica|USA|2020-03-05,United States of America
hCoV-19/USA/CA-CDPH-UC9/2020|EPI ISL 413928|NorthAmerica|USA|2020-03-05,United States of America
hCoV-19/USA/CA-CDPH-UC8/2020|EPI ISL 413926|NorthAmerica|USA|2020-03-05,United States of America
hCoV-19/USA/CA-CDPH-UC7/2020|EPI ISL 413925|NorthAmerica|USA|2020-03-05,United States of America
hCoV-19/USA/WA-S90/2020|EPI ISL 417143|NorthAmerica|USA|2020-02-29,United States of America
hCoV-19/USA/WA-UW180/2020|EPI ISL 416718|NorthAmerica|USA|2020-03-14,United States of America
hCoV-19/USA/WA-UW15/2020|EPI ISL 414363|NorthAmerica|USA|2020-03-04,United States of America
hCoV-19/USA/WA-UW284/2020|EPI ISL 418069|NorthAmerica|USA|2020-03-14,United States of America
hCoV-19/USA/WA-UW58/2020|EPI ISL 415623|NorthAmerica|USA|2020-03-09,United States of America
hCoV-19/USA/WA-UW132/2020|EPI ISL 416670|NorthAmerica|USA|2020-03-12,United States of America
hCoV-19/USA/WA-S33/2020|EPI ISL 417086|NorthAmerica|USA|2020-03-01,United States of America
hCoV-19/USA/CA-CDPH-UC23/2020|EPI ISL 417327|NorthAmerica|USA|2020-03-09,United States of America
hCoV-19/USA/WA-UW42/2020|EPI ISL 415607|NorthAmerica|USA|2020-03-09,United States of America
hCoV-19/USA/WA-UW131/2020|EPI ISL 416669|NorthAmerica|USA|2020-03-11,United States of America
hCoV-19/USA/WA-S110/2020|EPI ISL 417163|NorthAmerica|USA|2020-03-05,United States of America
hCoV-19/USA/WA-UW208/2020|EPI ISL 417357|NorthAmerica|USA|2020-03-13,United States of America
hCoV-19/USA/WA-UW101/2020|EPI ISL 416639|NorthAmerica|USA|2020-03-10,United States of America
hCoV-19/USA/MN44-MDH44/2020|EPI ISL 417480|NorthAmerica|USA|2020-03-12,United States of America
hCoV-19/USA/WA-UW139/2020|EPI ISL 416677|NorthAmerica|USA|2020-03-12,United States of America
hCoV-19/USA/WA-S11/2020|EPI ISL 416466|NorthAmerica|USA|2020-03-03,United States of America
hCoV-19/USA/WA-UW225/2020|EPI ISL 417374|NorthAmerica|USA|2020-03-15,United States of America
hCoV-19/USA/WA-UW228/2020|EPI ISL 417377|NorthAmerica|USA|2020-03-15,United States of America
hCoV-19/USA/WA-UW281/2020|EPI ISL 418066|NorthAmerica|USA|2020-03-14,United States of America
hCoV-19/USA/WA-UW62/2020|EPI ISL 415627|NorthAmerica|USA|2020-03-09,United States of America
hCoV-19/USA/WA-UW107/2020|EPI ISL 416645|NorthAmerica|USA|2020-03-11,United States of America
hCoV-19/USA/WA-UW27/2020|EPI ISL 414596|NorthAmerica|USA|2020-03-04,United States of America
hCoV-19/USA/WA-UW279/2020|EPI ISL 418064|NorthAmerica|USA|2020-03-15,United States of America
hCoV-19/USA/WA-UW91/2020|EPI ISL 416447|NorthAmerica|USA|2020-03-10,United States of America
hCoV-19/USA/WA-UW292/2020|EPI ISL 418077|NorthAmerica|USA|2020-03-15,United States of America
hCoV-19/USA/WA-UW204/2020|EPI ISL 417353|NorthAmerica|USA|2020-03-13,United States of America
hCoV-19/USA/WA-S35/2020|EPI ISL 417088|NorthAmerica|USA|2020-03-02,United States of America
hCoV-19/USA/WA-UW297/2020|EPI ISL 418082|NorthAmerica|USA|2020-03-15,United States of America
hCoV-19/USA/WA-UW148/2020|EPI ISL 416686|NorthAmerica|USA|2020-03-14,United States of America
hCoV-19/USA/WA-UW205/2020|EPI ISL 417354|NorthAmerica|USA|2020-03-13,United States of America
hCoV-19/USA/WA-UW289/2020|EPI ISL 418074|NorthAmerica|USA|2020-03-15,United States of America
hCoV-19/USA/WA-UW188/2020|EPI ISL 416726|NorthAmerica|USA|2020-03-13,United States of America
hCoV-19/USA/WA-UW212/2020|EPI ISL 417361|NorthAmerica|USA|2020-03-14,United States of America
hCoV-19/USA/WA-UW211/2020|EPI ISL 417360|NorthAmerica|USA|2020-03-14,United States of America
hCoV-19/USA/WA-UW56/2020|EPI ISL 415621|NorthAmerica|USA|2020-03-09,United States of America
hCoV-19/USA/WA-UW199/2020|EPI ISL 417348|NorthAmerica|USA|2020-03-13,United States of America
hCoV-19/USA/WA-UW242/2020|EPI ISL 417456|NorthAmerica|USA|2020-03-14,United States of America
hCoV-19/USA/WA-UW200/2020|EPI ISL 417349|NorthAmerica|USA|2020-03-12,United States of America
hCoV-19/USA/WA-UW114/2020|EPI ISL 416652|NorthAmerica|USA|2020-03-11,United States of America
hCoV-19/Canada/BC 41851/2020|EPI ISL 415584|NorthAmerica|Canada|2020-03-02,Canada
hCoV-19/USA/WA-S14/2020|EPI ISL 417067|NorthAmerica|USA|2020-03-03,United States of America
hCoV-19/USA/WA-UW50/2020|EPI ISL 415615|NorthAmerica|USA|2020-03-08,United States of America
hCoV-19/USA/WA-UW75/2020|EPI ISL 415603|NorthAmerica|USA|2020-03-10,United States of America
hCoV-19/USA/WA-UW245/2020|EPI ISL 418030|NorthAmerica|USA|2020-03-16,United States of America
hCoV-19/USA/WA-UW164/2020|EPI ISL 416702|NorthAmerica|USA|2020-03-13,United States of America
hCoV-19/USA/WA-UW154/2020|EPI ISL 416692|NorthAmerica|USA|2020-03-14,United States of America
hCoV-19/USA/WA-UW145/2020|EPI ISL 416683|NorthAmerica|USA|2020-03-15,United States of America
hCoV-19/USA/WA-UW261/2020|EPI ISL 418046|NorthAmerica|USA|2020-03-16,United States of America
hCoV-19/USA/WA-UW64/2020|EPI ISL 415592|NorthAmerica|USA|2020-03-09,United States of America
hCoV-19/USA/WA-S104/2020|EPI ISL 417157|NorthAmerica|USA|2020-03-05,United States of America
hCoV-19/USA/WA-UW32/2020|EPI ISL 414619|NorthAmerica|USA|2020-03-07,United States of America
hCoV-19/USA/WA-UW202/2020|EPI ISL 417351|NorthAmerica|USA|2020-03-12,United States of America
hCoV-19/USA/WA-UW215/2020|EPI ISL 417364|NorthAmerica|USA|2020-03-12,United States of America
hCoV-19/USA/WA-UW45/2020|EPI ISL 415610|NorthAmerica|USA|2020-03-08,United States of America
hCoV-19/USA/WA-UW43/2020|EPI ISL 415608|NorthAmerica|USA|2020-03-08,United States of America
hCoV-19/USA/WA-UW146/2020|EPI ISL 416684|NorthAmerica|USA|2020-03-14,United States of America
hCoV-19/USA/WA-UW112/2020|EPI ISL 416650|NorthAmerica|USA|2020-03-10,United States of America
hCoV-19/USA/WA-UW113/2020|EPI ISL 416651|NorthAmerica|USA|2020-03-11,United States of America
hCoV-19/USA/WA-UW220/2020|EPI ISL 417369|NorthAmerica|USA|2020-03-14,United States of America
hCoV-19/USA/WA-S120/2020|EPI ISL 417173|NorthAmerica|USA|2020-03-01,United States of America
hCoV-19/USA/WA-S64/2020|EPI ISL 417117|NorthAmerica|USA|2020-03-03,United States of America
hCoV-19/USA/CA-CDPH-UC20/2020|EPI ISL 417324|NorthAmerica|USA|2020-03-04,United States of America
hCoV-19/USA/WA-UW290/2020|EPI ISL 418075|NorthAmerica|USA|2020-03-15,United States of America
hCoV-19/USA/MN3-MDH3/2020|EPI ISL 414590|NorthAmerica|USA|2020-03-09,United States of America
hCoV-19/USA/WA-S60/2020|EPI ISL 417113|NorthAmerica|USA|2020-03-02,United States of America
hCoV-19/USA/WA-S78/2020|EPI ISL 417131|NorthAmerica|USA|2020-03-05,United States of America
hCoV-19/USA/WA-S94/2020|EPI ISL 417147|NorthAmerica|USA|2020-02-28,United States of America
hCoV-19/USA/UT-00015/2020|EPI ISL 417965|NorthAmerica|USA|2020-03-24,United States of America
hCoV-19/USA/WA-UW255/2020|EPI ISL 418040|NorthAmerica|USA|2020-03-16,United States of America
hCoV-19/USA/WA-UW30/2020|EPI ISL 414617|NorthAmerica|USA|2020-03-08,United States of America
hCoV-19/USA/WA-UW216/2020|EPI ISL 417365|NorthAmerica|USA|2020-03-14,United States of America
hCoV-19/USA/WA-UW85/2020|EPI ISL 416441|NorthAmerica|USA|2020-03-10,United States of America
hCoV-19/USA/WA-S2/2020|EPI ISL 413456|NorthAmerica|USA|2020-02-20,United States of America
hCoV-19/USA/WA-S27/2020|EPI ISL 417080|NorthAmerica|USA|2020-03-01,United States of America
hCoV-19/USA/WA-UW127/2020|EPI ISL 416665|NorthAmerica|USA|2020-03-12,United States of America
hCoV-19/USA/WA-UW172/2020|EPI ISL 416710|NorthAmerica|USA|2020-03-13,United States of America
hCoV-19/USA/WA-UW198/2020|EPI ISL 417347|NorthAmerica|USA|2020-03-12,United States of America
hCoV-19/USA/WA-UW72/2020|EPI ISL 415600|NorthAmerica|USA|2020-03-09,United States of America
hCoV-19/USA/WA8-UW5/2020|EPI ISL 413486|NorthAmerica|USA|2020-03-01,United States of America
hCoV-19/USA/WA9-UW6/2020|EPI ISL 413487|NorthAmerica|USA|2020-03-01,United States of America
hCoV-19/USA/WA-UW79/2020|EPI ISL 416435|NorthAmerica|USA|2020-03-10,United States of America
hCoV-19/USA/WA-S49/2020|EPI ISL 417102|NorthAmerica|USA|2020-03-04,United States of America
hCoV-19/Iceland/287/2020|EPI ISL 417615|Europe|Iceland|2020-03-18,Iceland
hCoV-19/Iceland/249/2020|EPI ISL 417577|Europe|Iceland|2020-03-17,Iceland
hCoV-19/Iceland/191/2020|EPI ISL 417762|Europe|Iceland|2020-03-16,Iceland
hCoV-19/Iceland/136/2020|EPI ISL 417789|Europe|Iceland|2020-03-12,Iceland
hCoV-19/Iceland/9/2020|EPI ISL 417871|Europe|Iceland|2020-03-11,Iceland
hCoV-19/Iceland/29/2020|EPI ISL 417618|Europe|Iceland|2020-03-16,Iceland
hCoV-19/Iceland/138/2020|EPI ISL 417720|Europe|Iceland|2020-03-12,Iceland
hCoV-19/USA/WA-UW277/2020|EPI ISL 418062|NorthAmerica|USA|2020-03-14,United States of America
hCoV-19/Iceland/259/2020|EPI ISL 417587|Europe|Iceland|2020-03-17,Iceland
hCoV-19/Australia/VIC05/2020|EPI ISL 416413|Oceania|Australia|2020-03-05,Australia
hCoV-19/USA/MN41-MDH41/2020|EPI ISL 417477|NorthAmerica|USA|2020-03-12,United States of America
hCoV-19/USA/WA-S119/2020|EPI ISL 417172|NorthAmerica|USA|2020-02-29,United States of America
hCoV-19/USA/WA-S37/2020|EPI ISL 417090|NorthAmerica|USA|2020-03-04,United States of America
hCoV-19/USA/WA-UW80/2020|EPI ISL 416436|NorthAmerica|USA|2020-03-10,United States of America
hCoV-19/USA/WA-UW28/2020|EPI ISL 414597|NorthAmerica|USA|2020-03-04,United States of America
hCoV-19/USA/WA-UW66/2020|EPI ISL 415594|NorthAmerica|USA|2020-03-10,United States of America
hCoV-19/USA/WA-UW218/2020|EPI ISL 417367|NorthAmerica|USA|2020-03-13,United States of America
hCoV-19/USA/WA-S73/2020|EPI ISL 417126|NorthAmerica|USA|2020-03-05,United States of America
hCoV-19/USA/WA-UW214/2020|EPI ISL 417363|NorthAmerica|USA|2020-03-14,United States of America
hCoV-19/USA/WA-UW278/2020|EPI ISL 418063|NorthAmerica|USA|2020-03-16,United States of America
hCoV-19/USA/WA-UW156/2020|EPI ISL 416694|NorthAmerica|USA|2020-03-13,United States of America
hCoV-19/USA/WA-UW144/2020|EPI ISL 416682|NorthAmerica|USA|2020-03-09,United States of America
hCoV-19/USA/WA-UW239/2020|EPI ISL 417453|NorthAmerica|USA|2020-03-14,United States of America
hCoV-19/USA/WA-UW232/2020|EPI ISL 417381|NorthAmerica|USA|2020-03-14,United States of America
hCoV-19/USA/WA-UW102/2020|EPI ISL 416640|NorthAmerica|USA|2020-03-11,United States of America
hCoV-19/USA/WA-UW182/2020|EPI ISL 416720|NorthAmerica|USA|2020-03-13,United States of America
hCoV-19/USA/WA-S83/2020|EPI ISL 417136|NorthAmerica|USA|2020-03-05,United States of America
hCoV-19/USA/WA-UW47/2020|EPI ISL 415612|NorthAmerica|USA|2020-03-09,United States of America
hCoV-19/USA/WA-UW81/2020|EPI ISL 416437|NorthAmerica|USA|2020-03-10,United States of America
hCoV-19/USA/WA-UW235/2020|EPI ISL 417449|NorthAmerica|USA|2020-03-14,United States of America
hCoV-19/USA/WA-UW171/2020|EPI ISL 416709|NorthAmerica|USA|2020-03-13,United States of America
hCoV-19/USA/WA-UW162/2020|EPI ISL 416700|NorthAmerica|USA|2020-03-13,United States of America
hCoV-19/USA/WI-GMF-00228/2020|EPI ISL 418187|NorthAmerica|USA|2020-03-23,United States of America
hCoV-19/USA/WA-S77/2020|EPI ISL 417130|NorthAmerica|USA|2020-03-05,United States of America
hCoV-19/USA/WA-UW293/2020|EPI ISL 418078|NorthAmerica|USA|2020-03-15,United States of America
hCoV-19/USA/WA-UW234/2020|EPI ISL 417448|NorthAmerica|USA|2020-03-14,United States of America
hCoV-19/USA/WA-UW83/2020|EPI ISL 416439|NorthAmerica|USA|2020-03-10,United States of America
hCoV-19/USA/WA-UW217/2020|EPI ISL 417366|NorthAmerica|USA|2020-03-14,United States of America
hCoV-19/USA/WA-UW88/2020|EPI ISL 416444|NorthAmerica|USA|2020-03-10,United States of America
hCoV-19/USA/WA-S76/2020|EPI ISL 417129|NorthAmerica|USA|2020-03-05,United States of America
hCoV-19/USA/WA-UW141/2020|EPI ISL 416679|NorthAmerica|USA|2020-03-11,United States of America
hCoV-19/USA/WA-UW31/2020|EPI ISL 414618|NorthAmerica|USA|2020-03-08,United States of America
hCoV-19/USA/WA-S58/2020|EPI ISL 417111|NorthAmerica|USA|2020-03-05,United States of America
hCoV-19/USA/WA-S22/2020|EPI ISL 417075|NorthAmerica|USA|2020-03-02,United States of America
hCoV-19/USA/WA-UW286/2020|EPI ISL 418071|NorthAmerica|USA|2020-03-15,United States of America
hCoV-19/USA/WA-UW244/2020|EPI ISL 418029|NorthAmerica|USA|2020-03-16,United States of America
hCoV-19/Fujian/8/2020|EPI ISL 411060|Asia|China|2020-01-21,China
hCoV-19/Guangdong/FS-S30-P0052/2020|EPI ISL 413892|Asia|China|2020-02-28,China
hCoV-19/Guangdong/FS-S34-P0015/2020|EPI ISL 413890|Asia|China|2020-02-28,China
hCoV-19/Guangdong/ZS-S6-P0060/2020|EPI ISL 413900|Asia|China|2020-02-28,China
hCoV-19/Shanghai/SH0041/2020|EPI ISL 416350|Asia|China|2020-01-29,China
hCoV-19/China/WF0012/2020|EPI ISL 413697|Asia|China|2020-02,China
hCoV-19/China/WF0028/2020|EPI ISL 413791|Asia|China|2020-02,China
hCoV-19/Wuhan/IVDC-HB-envF13-21/2020|EPI ISL 408515|Asia|China|2020-01-01,China
hCoV-19/Shanghai/SH0067/2020|EPI ISL 416370|Asia|China|2020-02-01,China
hCoV-19/Shanghai/SH0038/2020|EPI ISL 416347|Asia|China|2020-02-06,China
hCoV-19/Shanghai/SH0104/2020|EPI ISL 416395|Asia|China|2020-02-09,China
hCoV-19/Guangdong/GDSZ202004-P0004/2020|EPI ISL 413879|Asia|China|2020-02-05,China
hCoV-19/Guangdong/GD2020227-P0029/2020|EPI ISL 413880|Asia|China|2020-02-05,China
hCoV-19/Shanghai/SH0054/2020|EPI ISL 416362|Asia|China|2020-02-02,China
hCoV-19/Wuhan/IPBCAMS-WH-03/2019|EPI ISL 403930|Asia|China|2019-12-30,China
hCoV-19/Wuhan/IVDC-HB-05/2019|EPI ISL 402121|Asia|China|2019-12-30,China
hCoV-19/Wuhan/IPBCAMS-WH-01/2019|EPI ISL 402123|Asia|China|2019-12-24,China
hCoV-19/Shanghai/SH0008/2020|EPI ISL 416321|Asia|China|2020-01-28,China
hCoV-19/Jiangsu/JS02/2020|EPI ISL 411952|Asia|China|2020-01-24,China
hCoV-19/USA/CA5/2020|EPI ISL 408010|NorthAmerica|USA|2020-01-29,United States of America
hCoV-19/England/200641094/2020|EPI ISL 414040|Europe|UnitedKingdom|2020-02-05,United Kingdom
hCoV-19/USA/CruiseA-11/2020|EPI ISL 413616|NorthAmerica|USA|2020-02-17,United States of America
hCoV-19/England/20108006603/2020|EPI ISL 417253|Europe|UnitedKingdom|2020-03-03,United Kingdom
hCoV-19/SouthKorea/KCDC12/2020|EPI ISL 412872|Asia|SouthKorea|2020-02-01,South Korea
hCoV-19/Guangdong/GDFS2020052-P0025/2020|EPI ISL 413875|Asia|China|2020-02-10,China
hCoV-19/Wales/PHWC-23E2B/2020|EPI ISL 418117|Europe|UnitedKingdom|2020-03-14,United Kingdom
hCoV-19/Wales/PHWC-24006/2020|EPI ISL 418137|Europe|UnitedKingdom|2020-03-15,United Kingdom
hCoV-19/Poland/PL P1/2020|EPI ISL 416488|Europe|Poland|2020-03-03,Poland
hCoV-19/Germany/NRW-10/2020|EPI ISL 414574|Europe|Germany|2020-02-28,Germany
hCoV-19/Brazil/SPBR-11/2020|EPI ISL 416033|SouthAmerica|Brazil|2020-03-03,Brazil
hCoV-19/Netherlands/NA 6/2020|EPI ISL 415495|Europe|Netherlands|2020-03-10,Netherlands
hCoV-19/Wales/PHWC-23966/2020|EPI ISL 418083|Europe|UnitedKingdom|2020-03-10,United Kingdom
hCoV-19/Wales/PHWC-23CE5/2020|EPI ISL 418104|Europe|UnitedKingdom|2020-03-15,United Kingdom
hCoV-19/Wales/PHWC-23EC1/2020|EPI ISL 418125|Europe|UnitedKingdom|2020-03-14,United Kingdom
hCoV-19/Germany/NRW-02-1/2020|EPI ISL 414497|Europe|Germany|2020-02-25,Germany
hCoV-19/USA/UT-00010/2020|EPI ISL 417958|NorthAmerica|USA|2020-03-24,United States of America
hCoV-19/Iceland/166/2020|EPI ISL 417759|Europe|Iceland|2020-03-13,Iceland
hCoV-19/Wales/PHWC-23D88/2020|EPI ISL 418112|Europe|UnitedKingdom|2020-03-13,United Kingdom
hCoV-19/Germany/NRW-04/2020|EPI ISL 414499|Europe|Germany|2020-02-26,Germany
hCoV-19/Netherlands/Limburg 4/2020|EPI ISL 414426|Europe|Netherlands|2020-03-03,Netherlands
hCoV-19/Germany/NRW-08/2020|EPI ISL 414508|Europe|Germany|2020-02-27,Germany
hCoV-19/Germany/NRW-07/2020|EPI ISL 414506|Europe|Germany|2020-02-27,Germany
hCoV-19/Guangdong/ZQ-S2-P0061/2020|EPI ISL 413901|Asia|China|2020-02-28,China
hCoV-19/Guangdong/DG-S9-P0045/2020|EPI ISL 413868|Asia|China|2020-02-28,China
hCoV-19/Guangdong/FS-S42-P0046/2020|EPI ISL 413869|Asia|China|2020-02-28,China
hCoV-19/Guangdong/ZH-S33-P0058/2020|EPI ISL 413898|Asia|China|2020-02-28,China
hCoV-19/Guangdong/JM-S1-P0062/2020|EPI ISL 413902|Asia|China|2020-02-28,China
hCoV-19/Guangdong/MM-S1-P0048/2020|EPI ISL 413871|Asia|China|2020-02-28,China
hCoV-19/Guangdong/DG-S6-P0055/2020|EPI ISL 413895|Asia|China|2020-02-28,China
hCoV-19/Guangdong/FS-S50-P0053/2020|EPI ISL 413893|Asia|China|2020-02-28,China
hCoV-19/Singapore/2/2020|EPI ISL 407987|Asia|Singapore|2020-01-25,Singapore
hCoV-19/Malaysia/MKAK-CL-2020-5047/2020|EPI ISL 416866|Asia|Malaysia|2020-02-20,Malaysia
hCoV-19/Malaysia/MKAK-CL-2020-5045/2020|EPI ISL 416829|Asia|Malaysia|2020-02-20,Malaysia
hCoV-19/Malaysia/MKAK-CL-2020-5049/2020|EPI ISL 416884|Asia|Malaysia|2020-02-20,Malaysia
hCoV-19/Hangzhou/ZJU-09/2020|EPI ISL 416474|Asia|China|2020-01-28,China
hCoV-19/Cambodia/0012/2020|EPI ISL 411902|Asia|Cambodia|2020-01-27,Cambodia
hCoV-19/Shanghai/SH0121/2020|EPI ISL 416405|Asia|China|2020-02-02,China
hCoV-19/France/IDF0626/2020|EPI ISL 408431|Europe|France|2020-01-29,France
hCoV-19/Shanghai/SH0060/2020|EPI ISL 416367|Asia|China|2020-02-01,China
hCoV-19/Shanghai/SH0027/2020|EPI ISL 416336|Asia|China|2020-02-01,China
hCoV-19/USA/CA-CDPH-UC21/2020|EPI ISL 417325|NorthAmerica|USA|2020-03-03,United States of America
hCoV-19/England/20109052506/2020|EPI ISL 417276|Europe|UnitedKingdom|2020-03-07,United Kingdom
hCoV-19/USA/CruiseA-8/2020|EPI ISL 413613|NorthAmerica|USA|2020-02-17,United States of America
hCoV-19/Guangdong/DG-S2-P0054/2020|EPI ISL 413894|Asia|China|2020-02-28,China
hCoV-19/Malaysia/MKAK-CL-2020-7554/2020|EPI ISL 416907|Asia|Malaysia|2020-02-20,Malaysia
hCoV-19/USA/CruiseA-14/2020|EPI ISL 413619|NorthAmerica|USA|2020-02-25,United States of America
hCoV-19/Netherlands/Tilburg 1363354/2020|EPI ISL 413586|Europe|Netherlands|2020-02-27,Netherlands
hCoV-19/Netherlands/Oss 1363500/2020|EPI ISL 413581|Europe|Netherlands|2020-02-29,Netherlands
hCoV-19/Netherlands/NoordBrabant 12/2020|EPI ISL 414452|Europe|Netherlands|2020-03-06,Netherlands
hCoV-19/Netherlands/NoordBrabant 10/2020|EPI ISL 414431|Europe|Netherlands|2020-03-02,Netherlands
hCoV-19/Netherlands/NA 33/2020|EPI ISL 415490|Europe|Netherlands|2020-03-07,Netherlands
hCoV-19/Germany/NRW-15/2020|EPI ISL 417460|Europe|Germany|2020-03-11,Germany
hCoV-19/USA/MN2-MDH2/2020|EPI ISL 414589|NorthAmerica|USA|2020-03-07,United States of America
hCoV-19/Netherlands/Loon op zand 1363512/2020|EPI ISL 413576|Europe|Netherlands|2020-02-29,Netherlands
hCoV-19/Netherlands/NoordBrabant 27/2020|EPI ISL 414536|Europe|Netherlands|2020-03-08,Netherlands
hCoV-19/Netherlands/NoordBrabant 33/2020|EPI ISL 414542|Europe|Netherlands|2020-03,Netherlands
hCoV-19/Netherlands/NoordBrabant 35/2020|EPI ISL 414544|Europe|Netherlands|2020-03-09,Netherlands
hCoV-19/Netherlands/NoordBrabant 42/2020|EPI ISL 415500|Europe|Netherlands|2020-03-10,Netherlands
hCoV-19/Slovakia/SK-BMC6/2020|EPI ISL 417880|Europe|Slovakia|2020-03-08,Slovakia
hCoV-19/England/SHEF-BFD54/2020|EPI ISL 416740|Europe|England|2020-03-03,England
hCoV-19/Netherlands/Limburg 6/2020|EPI ISL 414427|Europe|Netherlands|2020-03-03,Netherlands
hCoV-19/Netherlands/Overijssel 2/2020|EPI ISL 414550|Europe|Netherlands|2020-03-06,Netherlands
hCoV-19/Netherlands/NoordBrabant 34/2020|EPI ISL 414543|Europe|Netherlands|2020-03,Netherlands
hCoV-19/Ecuador/HEE-01/2020|EPI ISL 417482|SouthAmerica|Ecuador|2020-03-09,Ecuador
hCoV-19/Netherlands/NoordBrabant 48/2020|EPI ISL 415505|Europe|Netherlands|2020-03-11,Netherlands
hCoV-19/Netherlands/NoordBrabant 47/2020|EPI ISL 415504|Europe|Netherlands|2020-03-09,Netherlands
hCoV-19/NewZealand/CoV001/2020|EPI ISL 417211|Oceania|NewZealand|2020-03-11,New Zealand
hCoV-19/England/20102112102/2020|EPI ISL 417218|Europe|UnitedKingdom|2020-03-02,United Kingdom
hCoV-19/Netherlands/Andel 1365066/2020|EPI ISL 413564|Europe|Netherlands|2020-03-01,Netherlands
hCoV-19/Netherlands/NoordBrabant 29/2020|EPI ISL 414538|Europe|Netherlands|2020-03-08,Netherlands
hCoV-19/Portugal/PT0041/2020|EPI ISL 418026|Europe|Portugal|2020-03-17,Portugal
hCoV-19/Netherlands/Utrecht 19/2020|EPI ISL 415528|Europe|Netherlands|2020-03-12,Netherlands
hCoV-19/Netherlands/NA 22/2020|EPI ISL 415479|Europe|Netherlands|2020-03-08,Netherlands
hCoV-19/England/20109038906/2020|EPI ISL 417261|Europe|UnitedKingdom|2020-03-06,United Kingdom
hCoV-19/Netherlands/NoordBrabant 28/2020|EPI ISL 414537|Europe|Netherlands|2020-03-08,Netherlands
hCoV-19/Netherlands/NoordBrabant 30/2020|EPI ISL 414539|Europe|Netherlands|2020-03-08,Netherlands
hCoV-19/Netherlands/Utrecht 14/2020|EPI ISL 414553|Europe|Netherlands|2020-03-09,Netherlands
hCoV-19/Netherlands/NoordBrabant 31/2020|EPI ISL 414540|Europe|Netherlands|2020-03-08,Netherlands
hCoV-19/Netherlands/NoordBrabant 32/2020|EPI ISL 414541|Europe|Netherlands|2020-03-08,Netherlands
hCoV-19/Netherlands/NoordBrabant 11/2020|EPI ISL 414432|Europe|Netherlands|2020-03-02,Netherlands
hCoV-19/Netherlands/NoordBrabant 54/2020|EPI ISL 415510|Europe|Netherlands|2020-03-09,Netherlands
hCoV-19/USA/CruiseA-12/2020|EPI ISL 413617|NorthAmerica|USA|2020-02-20,United States of America
hCoV-19/USA/CruiseA-4/2020|EPI ISL 413609|NorthAmerica|USA|2020-02-21,United States of America
hCoV-19/Guangzhou/GZMU0030/2020|EPI ISL 414686|Asia|China|2020-02-27,China
hCoV-19/China/WF0024/2020|EPI ISL 413753|Asia|China|2020-02,China
hCoV-19/Guangdong/ZH-N22-P0059/2020|EPI ISL 413899|Asia|China|2020-02-28,China
hCoV-19/USA/CruiseA-10/2020|EPI ISL 413615|NorthAmerica|USA|2020-02-17,United States of America
hCoV-19/England/20110015106/2020|EPI ISL 417306|Europe|UnitedKingdom|2020-03-08,United Kingdom
hCoV-19/Netherlands/NoordBrabant 60/2020|EPI ISL 415516|Europe|Netherlands|2020-03-11,Netherlands
hCoV-19/USA/CruiseA-18/2020|EPI ISL 413623|NorthAmerica|USA|2020-02-24,United States of America
hCoV-19/USA/CA-CDPH-UC3/2020|EPI ISL 413559|NorthAmerica|USA|2020-02-27,United States of America
hCoV-19/USA/CA-CDPH-UC2/2020|EPI ISL 413558|NorthAmerica|USA|2020-02-27,United States of America
hCoV-19/USA/CruiseA-17/2020|EPI ISL 413622|NorthAmerica|USA|2020-02-24,United States of America
hCoV-19/England/20110097506/2020|EPI ISL 417313|Europe|UnitedKingdom|2020-03-08,United Kingdom
hCoV-19/England/20110059306/2020|EPI ISL 417312|Europe|UnitedKingdom|2020-03-08,United Kingdom
hCoV-19/Iceland/248/2020|EPI ISL 417576|Europe|Iceland|2020-03-17,Iceland
hCoV-19/Iceland/220/2020|EPI ISL 417553|Europe|Iceland|2020-03-16,Iceland
hCoV-19/England/20109098906/2020|EPI ISL 417296|Europe|UnitedKingdom|2020-03-06,United Kingdom
hCoV-19/Iceland/338/2020|EPI ISL 417667|Europe|Iceland|2020-03-15,Iceland
hCoV-19/Iceland/337/2020|EPI ISL 417666|Europe|Iceland|2020-03-15,Iceland
hCoV-19/Portugal/PT0015/2020|EPI ISL 418000|Europe|Portugal|2020-03-10,Portugal
hCoV-19/Wales/PHWC-242D3/2020|EPI ISL 418164|Europe|UnitedKingdom|2020-03-17,United Kingdom
hCoV-19/Wales/PHW38/2020|EPI ISL 415538|Europe|UnitedKingdom|2020-03-12,United Kingdom
hCoV-19/England/20109093706/2020|EPI ISL 417286|Europe|UnitedKingdom|2020-03-05,United Kingdom
hCoV-19/Wales/PHW35/2020|EPI ISL 416024|Europe|UnitedKingdom|2020-03-11,United Kingdom
hCoV-19/Wales/PHWC-240BB/2020|EPI ISL 418141|Europe|UnitedKingdom|2020-03-13,United Kingdom
hCoV-19/England/SHEF-BFD45/2020|EPI ISL 416739|Europe|England|2020-03-09,England
hCoV-19/England/SHEF-BFD36/2020|EPI ISL 416738|Europe|England|2020-03-09,England
hCoV-19/England/20106003303/2020|EPI ISL 417239|Europe|UnitedKingdom|2020-03-03,United Kingdom
hCoV-19/USA/CruiseA-2/2020|EPI ISL 413607|NorthAmerica|USA|2020-02-18,United States of America
hCoV-19/Guangdong/GD2020115-P0009/2020|EPI ISL 413884|Asia|China|2020-02-01,China
hCoV-19/Shanghai/SH0106/2020|EPI ISL 416396|Asia|China|2020-02-10,China
hCoV-19/Shanghai/SH0094/2020|EPI ISL 416390|Asia|China|2020-01-31,China
hCoV-19/Shanghai/SH0085/2020|EPI ISL 416385|Asia|China|2020-01-30,China
hCoV-19/Hangzhou/ZJU-06/2020|EPI ISL 416047|Asia|China|2020-02-02,China
hCoV-19/Shanghai/SH0047/2020|EPI ISL 416355|Asia|China|2020-02-04,China
hCoV-19/Shanghai/SH0071/2020|EPI ISL 416374|Asia|China|2020-02-07,China
hCoV-19/Australia/NSW02/2020|EPI ISL 408976|Oceania|Australia|2020-01-22,Australia
hCoV-19/Japan/DP0645/2020|EPI ISL 416612|Asia|Japan|2020-02-17,Japan
hCoV-19/USA/CruiseA-1/2020|EPI ISL 413606|NorthAmerica|USA|2020-02-17,United States of America
hCoV-19/USA/CruiseA-24/2020|EPI ISL 414483|NorthAmerica|USA|2020-02-17,United States of America
hCoV-19/Japan/DP0765/2020|EPI ISL 416625|Asia|Japan|2020-02-17,Japan
hCoV-19/Japan/DP0654/2020|EPI ISL 416613|Asia|Japan|2020-02-17,Japan
hCoV-19/Japan/DP0005/2020|EPI ISL 416565|Asia|Japan|2020-02-15,Japan
hCoV-19/Japan/Hu DP Kng 19-027/2020|EPI ISL 412969|Asia|Japan|2020-02-10,Japan
hCoV-19/Japan/DP0278/2020|EPI ISL 416587|Asia|Japan|2020-02-16,Japan
hCoV-19/Japan/DP0476/2020|EPI ISL 416604|Asia|Japan|2020-02-16,Japan
hCoV-19/Japan/DP0191/2020|EPI ISL 416582|Asia|Japan|2020-02-15,Japan
hCoV-19/Japan/DP0058/2020|EPI ISL 416568|Asia|Japan|2020-02-15,Japan
hCoV-19/Shanghai/SH0068/2020|EPI ISL 416371|Asia|China|2020-02-05,China
hCoV-19/Shanghai/SH0033/2020|EPI ISL 416342|Asia|China|2020-02-04,China
hCoV-19/USA/CA-SCCPHD-UC13/2020|EPI ISL 417317|NorthAmerica|USA|2020-03-02,United States of America
hCoV-19/Japan/DP0880/2020|EPI ISL 416633|Asia|Japan|2020-02-17,Japan
hCoV-19/Japan/DP0196/2020|EPI ISL 416583|Asia|Japan|2020-02-15,Japan
hCoV-19/Japan/DP0779/2020|EPI ISL 416626|Asia|Japan|2020-02-17,Japan
hCoV-19/Japan/DP0457/2020|EPI ISL 416601|Asia|Japan|2020-02-16,Japan
hCoV-19/USA/CruiseA-26/2020|EPI ISL 414485|NorthAmerica|USA|2020-02-24,United States of America
hCoV-19/Japan/DP0687/2020|EPI ISL 416614|Asia|Japan|2020-02-17,Japan
hCoV-19/Japan/DP0037/2020|EPI ISL 416567|Asia|Japan|2020-02-15,Japan
hCoV-19/Japan/DP0361/2020|EPI ISL 416599|Asia|Japan|2020-02-16,Japan
hCoV-19/Japan/DP0200/2020|EPI ISL 416584|Asia|Japan|2020-02-15,Japan
hCoV-19/Japan/DP0690/2020|EPI ISL 416615|Asia|Japan|2020-02-17,Japan
hCoV-19/Japan/DP0543/2020|EPI ISL 416607|Asia|Japan|2020-02-17,Japan
hCoV-19/Japan/DP0752/2020|EPI ISL 416622|Asia|Japan|2020-02-17,Japan
hCoV-19/Japan/DP0158/2020|EPI ISL 416579|Asia|Japan|2020-02-15,Japan
hCoV-19/Japan/DP0190/2020|EPI ISL 416581|Asia|Japan|2020-02-15,Japan
hCoV-19/Japan/DP0077/2020|EPI ISL 416571|Asia|Japan|2020-02-15,Japan
hCoV-19/USA/UPHL-01/2020|EPI ISL 415539|NorthAmerica|USA|2020-03-13,United States of America
hCoV-19/Japan/DP0724/2020|EPI ISL 416620|Asia|Japan|2020-02-17,Japan
hCoV-19/Malaysia/188407/2020|EPI ISL 417918|Asia|Malaysia|2020-03-18,Malaysia
hCoV-19/Malaysia/189332/2020|EPI ISL 417917|Asia|Malaysia|2020-03-20,Malaysia
hCoV-19/USA/WA-UW93/2020|EPI ISL 416449|NorthAmerica|USA|2020-03-11,United States of America
hCoV-19/USA/WA-UW168/2020|EPI ISL 416706|NorthAmerica|USA|2020-03-13,United States of America
hCoV-19/Australia/QLDID921/2020|EPI ISL 417033|Oceania|Australia|2020-03-11,Australia
hCoV-19/Australia/NSW44/2020|EPI ISL 417400|Oceania|Australia|2020-03-10,Australia
hCoV-19/SaudiArabia/KAIMRC-Alghoribi/2020|EPI ISL 416432|Asia|SaudiArabia|2020-03-07,SaudiArabia
hCoV-19/Australia/NSW38/2020|EPI ISL 417396|Oceania|Australia|2020-03-10,Australia
hCoV-19/Australia/NSW25/2020|EPI ISL 417388|Oceania|Australia|2020-03-05,Australia
hCoV-19/Japan/DP0287/2020|EPI ISL 416589|Asia|Japan|2020-02-16,Japan
hCoV-19/Japan/DP0152/2020|EPI ISL 416578|Asia|Japan|2020-02-15,Japan
hCoV-19/HongKong/case78 VM20002849/2020|EPI ISL 414571|Asia|HongKong|2020-02-22,Hong Kong
hCoV-19/Japan/DP0027/2020|EPI ISL 416566|Asia|Japan|2020-02-15,Japan
hCoV-19/Singapore/3/2020|EPI ISL 407988|Asia|Singapore|2020-02-01,Singapore
hCoV-19/HongKong/VB20026565/2020|EPI ISL 412030|Asia|HongKong|2020-02-01,Hong Kong
hCoV-19/Shanghai/SH0045/2020|EPI ISL 416354|Asia|China|2020-02-04,China
hCoV-19/France/IDF0515/2020|EPI ISL 408430|Europe|France|2020-01-29,France
hCoV-19/Shanghai/SH0081/2020|EPI ISL 416383|Asia|China|2020-02-01,China
hCoV-19/Wuhan/HBCDC-HB-05/2020|EPI ISL 412981|Asia|China|2020-01-18,China
hCoV-19/Shanghai/SH0126/2020|EPI ISL 416407|Asia|China|2020-02-15,China
hCoV-19/Shanghai/SH0125/2020|EPI ISL 416406|Asia|China|2020-02-15,China
hCoV-19/Shanghai/SH0080/2020|EPI ISL 416382|Asia|China|2020-02-08,China
hCoV-19/Australia/NSW18/2020|EPI ISL 417384|Oceania|Australia|2020-03-05,Australia
hCoV-19/Australia/NSW19/2020|EPI ISL 417385|Oceania|Australia|2020-03-06,Australia
hCoV-19/Canada/BC 37 0-2/2020|EPI ISL 412965|NorthAmerica|Canada|2020-02-16,Canada
hCoV-19/Canada/BC 69243/2020|EPI ISL 415577|NorthAmerica|Canada|2020-02-20,Canada
hCoV-19/Germany/BavPat2/2020|EPI ISL 414520|Europe|Germany|2020-03-02,Germany
hCoV-19/England/200990002/2020|EPI ISL 414522|Europe|UnitedKingdom|2020-02-28,United Kingdom
hCoV-19/Taiwan/CGMH-CGU-10/2020|EPI ISL 417523|Asia|Taiwan|2020-03-13,Taiwan
hCoV-19/USA/NY1-PV08001/2020|EPI ISL 414476|NorthAmerica|USA|2020-02-29,United States of America
hCoV-19/Canada/BC 17397/2020|EPI ISL 415580|NorthAmerica|Canada|2020-02-28,Canada
hCoV-19/Canada/BC 13297/2020|EPI ISL 415578|NorthAmerica|Canada|2020-02-27,Canada
hCoV-19/Canada/BC 02421/2020|EPI ISL 415581|NorthAmerica|Canada|2020-03-01,Canada
hCoV-19/USA/WA-UW22/2020|EPI ISL 414591|NorthAmerica|USA|2020-03-06,United States of America
hCoV-19/Netherlands/ZuidHolland 16/2020|EPI ISL 414558|Europe|Netherlands|2020-03-06,Netherlands
hCoV-19/Guangdong/DG-S41-P0056/2020|EPI ISL 413896|Asia|China|2020-02-28,China
hCoV-19/Pakistan/Gilgit1/2020|EPI ISL 417444|Asia|Pakistan|2020-03-04,Pakistan
hCoV-19/Georgia/Tb-82/2020|EPI ISL 415644|Asia|Georgia|2020-02-28,Georgia
hCoV-19/Kuwait/KU18/2020|EPI ISL 416543|Asia|Kuwait|2020-03-02,Kuwait
hCoV-19/Canada/BC 65034/2020|EPI ISL 415585|NorthAmerica|Canada|2020-03-04,Canada
hCoV-19/Canada/BC 66353/2020|EPI ISL 415587|NorthAmerica|Canada|2020-03-04,Canada
hCoV-19/Kuwait/KU09/2020|EPI ISL 416541|Asia|Kuwait|2020-03-02,Kuwait
hCoV-19/Canada/BC 25211/2020|EPI ISL 415579|NorthAmerica|Canada|2020-03-02,Canada
hCoV-19/Australia/NSW11/2020|EPI ISL 413597|Oceania|Australia|2020-03-02,Australia
hCoV-19/Norway/1380/2020|EPI ISL 417484|Europe|Norway|2020-02-26,Norway
hCoV-19/Australia/VIC04/2020|EPI ISL 416412|Oceania|Australia|2020-03-02,Australia
hCoV-19/England/20100023206/2020|EPI ISL 415137|Europe|UnitedKingdom|2020-03-02,United Kingdom
hCoV-19/Australia/NSW06/2020|EPI ISL 413213|Oceania|Australia|2020-02-29,Australia
hCoV-19/Australia/NSW09/2020|EPI ISL 413595|Oceania|Australia|2020-02-28,Australia
hCoV-19/Kuwait/KU12/2020|EPI ISL 416458|Asia|Kuwait|2020-03-02,Kuwait
hCoV-19/Australia/NSW15/2020|EPI ISL 417383|Oceania|Australia|2020-03-03,Australia
hCoV-19/Australia/NSW26/2020|EPI ISL 417389|Oceania|Australia|2020-03-09,Australia
hCoV-19/Australia/NSW40/2020|EPI ISL 417398|Oceania|Australia|2020-03-11,Australia
hCoV-19/Australia/NSW28/2020|EPI ISL 417391|Oceania|Australia|2020-03-08,Australia
hCoV-19/Australia/NSW35/2020|EPI ISL 417393|Oceania|Australia|2020-03-08,Australia
hCoV-19/Australia/QLD09/2020|EPI ISL 414414|Oceania|Australia|2020-02-29,Australia
hCoV-19/Australia/NSW21/2020|EPI ISL 417386|Oceania|Australia|2020-03-04,Australia
hCoV-19/Australia/NSW07/2020|EPI ISL 413214|Oceania|Australia|2020-02-29,Australia
hCoV-19/NewZealand/20VR0206/2020|EPI ISL 416526|Oceania|NewZealand|2020-03-05,New Zealand
hCoV-19/Kuwait/KU17/2020|EPI ISL 416542|Asia|Kuwait|2020-03-02,Kuwait
hCoV-19/England/200960041/2020|EPI ISL 414008|Europe|UnitedKingdom|2020-02-27,United Kingdom
hCoV-19/Australia/NSW05/2020|EPI ISL 412975|Oceania|Australia|2020-02-28,Australia
hCoV-19/Australia/VIC06/2020|EPI ISL 416414|Oceania|Australia|2020-03-06,Australia
hCoV-19/Australia/NSW53/2020|EPI ISL 417406|Oceania|Australia|2020-03-11,Australia
hCoV-19/NewZealand/01/2020|EPI ISL 413490|Oceania|NewZealand|2020-02-27,New Zealand
hCoV-19/Taiwan/CGMH-CGU-03/2020|EPI ISL 415741|Asia|Taiwan|2020-02-26,Taiwan
hCoV-19/Taiwan/CGMH-CGU-07/2020|EPI ISL 417520|Asia|Taiwan|2020-03-09,Taiwan
hCoV-19/Shanghai/SH0070/2020|EPI ISL 416373|Asia|China|2020-02-07,China
hCoV-19/England/20104035803/2020|EPI ISL 417238|Europe|UnitedKingdom|2020-03-03,United Kingdom
hCoV-19/Shanghai/SH0022/2020|EPI ISL 416331|Asia|China|2020-01-30,China
hCoV-19/Shandong/IVDC-SD-001/2020|EPI ISL 408482|Asia|China|2020-01-19,China
